data_type,collector,purpose,text
UNSPECIFIED_DATA,we,"legal, security","However, we may retain some information in our files to prevent fraud, troubleshoot problems, assist with any investigations, enforce our Terms of Use and/or comply with applicable legal requirements.
In Short: We keep your information for as long as necessary to fulfill the purposes outlined in this privacy notice unless otherwise required by law.
In Short: We may use cookies and other tracking technologies to collect and store your information.
In Short: We only share information with your consent, to comply with laws, to provide you with services, to protect your rights, or to fulfill business obligations.
In this privacy notice, we seek to explain to you in the clearest way possible what information we collect, how we use it and what rights you have in relation to it.
Like many businesses, we also collect information through cookies and similar technologies.
More specifically, we may need to process your data or share your personal information in the following situations:
We automatically collect certain information when you visit, use or navigate the Website.
We may disclose your information where we are legally required to do so in order to comply with applicable law, governmental requests, a judicial proceeding, court order, or legal process, such as in response to a court order or a subpoena (including in response to public authorities to meet national security or law enforcement requirements).
We may disclose your information where we believe it is necessary to investigate, prevent, or take action regarding potential violations of our policies, suspected fraud, situations involving potential threats to the safety of any person and illegal activities, or as evidence in litigation in which we are involved.
We may process your data when it is reasonably necessary to achieve our legitimate business interests.
We may share or transfer your information in connection with, or during negotiations of, any merger, sale of company assets, financing, or acquisition of all or a portion of our business to another company."
cookie / pixel tag,we,"legal, security, services","In Short: We may use cookies and other tracking technologies to collect and store your information.
We may use cookies and similar tracking technologies (like web beacons and pixels) to access or store information."
datum we hold,we,"legal, security, services",We may process or share your data that we hold based on the following legal basis:
miles,we,"legal, security, services","Thank you for choosing to be part of our Zoom community at 22 Miles, Inc ("" Company "", "" we "", "" us "", "" our "")."
