data_type,collector,purpose,text
UNSPECIFIED_DATA,datum subprocessor,"analytics, services",We may use and disclose this information in order to: Sharing data with other data subprocessors for integration purposes.
UNSPECIFIED_DATA,we,"advertising, analytics, legal, services","Absorb LMS Privacy Policy

What information we collect about you:
We may use and disclose this information in order to:
When you do business with us, we may collect three types of information: personal, non-personal and anonymous."
content on site,absorb,,"Content on our site is provided ""as is"" and Absorb disclaims all warranties, express or implied."
information about you,we,"advertising, analytics, legal, services","Absorb LMS Privacy Policy

When we collect information about you:

We collect information about you when you provide it to us, when you visit our website and when you use our services."
