data_type,collector,purpose,text
personal information,UNSPECIFIED_ACTOR,,"""ACES Meet"" Privacy Policy

5 Providing Personal Data to Third Parties"
personal information,we,,"The Company will use the customer's Personal Information within the following scope of purposes of use (the ""Purposes of Use"") or within the scope of the Purposes of Use as is evident from the circumstances of the acquisition of the Personal Information, and will not use it for any other purpose except with the consent of the customer or as otherwise permitted by laws or regulations."
