data_type,collector,purpose,text
UNSPECIFIED_DATA,we,,"We process these Data on the basis of:
We use these Data:"
cookie / pixel tag,we,services,We use cookies to improve the user experience on our Website.
personal information,Google,,"We share your Personal Data with the following categories of processors: Google, Hubspot & Stripe."
personal information,Stripe,,"We share your Personal Data with the following categories of processors: Google, Hubspot & Stripe."
personal information,datum processor,,We may share your Personal Data with data 'processors' within the meaning of the Relevant Legislation.
personal information,hubspot,,"We share your Personal Data with the following categories of processors: Google, Hubspot & Stripe."
personal information,we,services,"Furthermore, you will read how we store, protect and process this Personal Data.
In order to provide you with our Website, App and Services, we process your Personal Data.
In the table below you will read (1) which Personal Data we process (2) for which purposes and (3) on which legal basis.
Personal data we receive from you: We receive Personal Data directly from you when you log in via our website.
This policy explains which Personal Data we use and why (the Privacy Policy ).
We are allowed to process your Personal Data, because we comply with the Relevant Legislation.
We lawfully process your Personal Data because: Processing Personal Data is necessary in order to perform our contract; We have to comply with a legal obligation; We have legitimate interests to process your Personal Data, where we have considered these are not overridden by your rights; You have given us consent; Processing is necessary in order to protect the vital interests of you or another person, or Processing is necessary for the performance of a task carried out in the public interest or in the exercise of official authority vested in us.
We may share your Personal Data with data 'processors' within the meaning of the Relevant Legislation.
We respect your privacy and private life, but sometimes we need your Personal Data.
We shall only use your Personal Data for the following purposes or for compatible purposes.
We share your Personal Data with the following categories of processors: Google, Hubspot & Stripe."
small text file send via server of website to browser,browser,,"A cookie is a small text file that can be sent via the server of a website to the browser.
The browser saves this file to your computer."
