data_type,collector,purpose,text
UNSPECIFIED_DATA,Google,,Google Analytics collects information anonymously.
UNSPECIFIED_DATA,advertiser,advertising,"No ad companies collect data through our service.
We do not allow advertising companies to collect data through our service for ad targeting."
UNSPECIFIED_DATA,analytic provider,,Analytics providers access data on our behalf.
geolocation,we,,"Privacy Policy

We may collect but do not share your location history."
precise geolocation,we,services,"To customize our service for you, we may collect and store your precise geographic location as part of your user profile."
