data_type,collector,purpose,text
UNSPECIFIED_DATA,UNSPECIFIED_ACTOR,,"If we provide a mobile app, we or third parties may collect information similar to the data mentioned above."
UNSPECIFIED_DATA,we,"legal, security, services","Customers and their Users may provide a variety of information to us through the Service.
If we provide a mobile app, we or third parties may collect information similar to the data mentioned above.
Privacy Policy

1 . Information we use to provide the service

Information Customers and Users submit to us
We also use automated means to collect a variety of information from visitors to our Website and Users of our Service.
We likewise may request, and Customers and their Users may provide, additional information in order to create, support and maintain their account enabling access to the Services.
We may also process data to comply with our legal obligations, or to fulfill a contract you have entered into with us.
We may obtain information from third party sources, such as data providers and integration parties, or from public sources and methods, such as information available on public APIs and the internet.
We use a variety of information that we obtain from various sources, including our Customers and their users in order to provide the Service.
We will keep your information in order to suppress it from being included in our contributor database to our Customers."
advertising,company perform service for we,advertising,"We may share the Marketing Information with the following parties:

With companies that perform services for us, with us, or on our behalf, including without limitation advertising and data companies, providers of technical infrastructure and technical and customer support, hosting providers, billing support and payment providers, advertising, data enhancement and marketing partners, and email service providers.
We may share the Usage Information with the following parties:

Companies that perform services for us, with us, or on our behalf, including without limitation advertising and data companies, providers of technical infrastructure and technical and customer support, hosting providers, billing support and payment providers, advertising, data enhancement and marketing partners, and email service providers."
base local storage,we,"legal, security, services","Our Website and the Service may use HTTP cookies, HTML5 cookies, Flash cookies and other types of local storage (such as browser-based or plugin-based local storage)."
billing support provider,company perform service for we,advertising,"We may share the Marketing Information with the following parties:

With companies that perform services for us, with us, or on our behalf, including without limitation advertising and data companies, providers of technical infrastructure and technical and customer support, hosting providers, billing support and payment providers, advertising, data enhancement and marketing partners, and email service providers.
We may share the Service Information with the following parties:

Companies that perform services for us, with us, or on our behalf, including without limitation advertising and data platforms and companies (or those working with our customers and business partners), providers of technical infrastructure and technical and customer support, hosting providers, billing support and payment providers, and data enhancement platforms.
We may share the Usage Information with the following parties:

Companies that perform services for us, with us, or on our behalf, including without limitation advertising and data companies, providers of technical infrastructure and technical and customer support, hosting providers, billing support and payment providers, advertising, data enhancement and marketing partners, and email service providers."
browser type,web server,,"In conjunction with the gathering of information through cookies and other automated means, Web servers may log information such as your device type, operating system type, browser type, domain, and other system settings, as well as the language your system uses and the country and time zone where your device is located."
contributory database,UNSPECIFIED_ACTOR,,"Privacy Policy

5 . Sharing your information

a. We may share the Service Information with the following parties:
We may share the Service Information with the following parties:

Our customers as part of our Services, including the contributory database."
contributory database,we,"legal, security, services","Privacy Policy

5 . Sharing your information

a. We may share the Service Information with the following parties:
We may share the Service Information with the following parties:

Our customers as part of our Services, including the contributory database."
cookie / pixel tag,UNSPECIFIED_ACTOR,,"We and third-party vendors may use first-party cookies and third-party cookies together, and other automated technologies, and in some cases additional information, (i) to inform, optimize, and serve ads based on past visits to our Website or use of the Service or other factors and (ii) to report how ad impressions, other uses of ad services, and interactions with these ad impressions and ad services are related to visits to our Website, use of the Service or other factors."
cookie / pixel tag,we,"legal, security, services","Our Website and the Service may use HTTP cookies, HTML5 cookies, Flash cookies and other types of local storage (such as browser-based or plugin-based local storage).
We and third-party vendors may use first-party cookies and third-party cookies together, and other automated technologies, and in some cases additional information, (i) to inform, optimize, and serve ads based on past visits to our Website or use of the Service or other factors and (ii) to report how ad impressions, other uses of ad services, and interactions with these ad impressions and ad services are related to visits to our Website, use of the Service or other factors."
country,web server,,"In conjunction with the gathering of information through cookies and other automated means, Web servers may log information such as your device type, operating system type, browser type, domain, and other system settings, as well as the language your system uses and the country and time zone where your device is located."
credit / debit card number,we,"legal, security, services","If we provide a payment option to Customers, we may collect payment data, and if a Customer purchases one of our online subscription-based Services, the Customer may need to provide payment and/or credit card information, and other information to validate their payment method and identity.
We will use that information to fulfill the Customer's purchase request."
data enhancement partner,company perform service for we,advertising,"We may share the Marketing Information with the following parties:

With companies that perform services for us, with us, or on our behalf, including without limitation advertising and data companies, providers of technical infrastructure and technical and customer support, hosting providers, billing support and payment providers, advertising, data enhancement and marketing partners, and email service providers.
We may share the Usage Information with the following parties:

Companies that perform services for us, with us, or on our behalf, including without limitation advertising and data companies, providers of technical infrastructure and technical and customer support, hosting providers, billing support and payment providers, advertising, data enhancement and marketing partners, and email service providers."
data enhancement platform,company perform service for we,advertising,"We may share the Service Information with the following parties:

Companies that perform services for us, with us, or on our behalf, including without limitation advertising and data platforms and companies (or those working with our customers and business partners), providers of technical infrastructure and technical and customer support, hosting providers, billing support and payment providers, and data enhancement platforms."
device type,web server,,"In conjunction with the gathering of information through cookies and other automated means, Web servers may log information such as your device type, operating system type, browser type, domain, and other system settings, as well as the language your system uses and the country and time zone where your device is located."
domain,web server,,"In conjunction with the gathering of information through cookies and other automated means, Web servers may log information such as your device type, operating system type, browser type, domain, and other system settings, as well as the language your system uses and the country and time zone where your device is located."
email service provider,company perform service for we,advertising,"We may share the Marketing Information with the following parties:

With companies that perform services for us, with us, or on our behalf, including without limitation advertising and data companies, providers of technical infrastructure and technical and customer support, hosting providers, billing support and payment providers, advertising, data enhancement and marketing partners, and email service providers.
We may share the Usage Information with the following parties:

Companies that perform services for us, with us, or on our behalf, including without limitation advertising and data companies, providers of technical infrastructure and technical and customer support, hosting providers, billing support and payment providers, advertising, data enhancement and marketing partners, and email service providers."
geolocation,we,"legal, security, services","For example, depending on your device and/or browser settings, we may collect your device's geolocation."
geolocation,we,"legal, security, services, advertising, analytics","For example, depending on your device and/or browser settings, we may collect your device's geolocation."
hosting provider,company perform service for we,advertising,"We may share the Marketing Information with the following parties:

With companies that perform services for us, with us, or on our behalf, including without limitation advertising and data companies, providers of technical infrastructure and technical and customer support, hosting providers, billing support and payment providers, advertising, data enhancement and marketing partners, and email service providers.
We may share the Service Information with the following parties:

Companies that perform services for us, with us, or on our behalf, including without limitation advertising and data platforms and companies (or those working with our customers and business partners), providers of technical infrastructure and technical and customer support, hosting providers, billing support and payment providers, and data enhancement platforms.
We may share the Usage Information with the following parties:

Companies that perform services for us, with us, or on our behalf, including without limitation advertising and data companies, providers of technical infrastructure and technical and customer support, hosting providers, billing support and payment providers, advertising, data enhancement and marketing partners, and email service providers."
in case information,UNSPECIFIED_ACTOR,,"We and third-party vendors may use first-party cookies and third-party cookies together, and other automated technologies, and in some cases additional information, (i) to inform, optimize, and serve ads based on past visits to our Website or use of the Service or other factors and (ii) to report how ad impressions, other uses of ad services, and interactions with these ad impressions and ad services are related to visits to our Website, use of the Service or other factors."
in case information,we,"legal, security, services","We and third-party vendors may use first-party cookies and third-party cookies together, and other automated technologies, and in some cases additional information, (i) to inform, optimize, and serve ads based on past visits to our Website or use of the Service or other factors and (ii) to report how ad impressions, other uses of ad services, and interactions with these ad impressions and ad services are related to visits to our Website, use of the Service or other factors."
information about interaction with website,technology,,"Cookies and similar technologies also may log information about your interaction with our Website or the Service, such as which pages you visit or which Service functionality that you use, including by tracking page content, movements, and keystroke activities, in a manner that allows us to reproduce and fix issues and to identify areas of improvement."
information about you,meta,"advertising, analytics","First, if you visit our Website, or open an email that we send to you or that our Customers send to you through the Service, we and third parties, including but not limited to Meta, may use automated means to collect information about you, your computer or other device, your use of the Website or engagement with the email, to provide measurement services, and/or target and deliver ads."
information about you,we,"legal, security, services, advertising, analytics","First, if you visit our Website, or open an email that we send to you or that our Customers send to you through the Service, we and third parties, including but not limited to Meta, may use automated means to collect information about you, your computer or other device, your use of the Website or engagement with the email, to provide measurement services, and/or target and deliver ads."
information we have about you,we,"legal, security, services, advertising, analytics","For example, we may share or disclose information we have about you in the event we sell or transfer all or a portion of our business or assets -- such as in connection with a merger, acquisition, reorganization, bankruptcy, dissolution or liquidation -- or take steps such as due diligence in anticipation of any such event."
javascript,technology,,"These automated means include technologies such as cookies, Web server logs, Web beacons, pixels, and JavaScript, as well as functionality that can collect data from a mobile device."
language system use,web server,,"In conjunction with the gathering of information through cookies and other automated means, Web servers may log information such as your device type, operating system type, browser type, domain, and other system settings, as well as the language your system uses and the country and time zone where your device is located."
marketing information,UNSPECIFIED_ACTOR,,c. We may share the Marketing Information with the following parties:
marketing information,company perform service for we,,"We may share the Marketing Information with the following parties:

With companies that perform services for us, with us, or on our behalf, including without limitation advertising and data companies, providers of technical infrastructure and technical and customer support, hosting providers, billing support and payment providers, advertising, data enhancement and marketing partners, and email service providers.
c. We may share the Marketing Information with the following parties:"
marketing information,we,"legal, security, services, advertising, analytics","We also may use the Service Information, Usage Information or Marketing Information to (a) try to keep the Service safe, and (b) investigate, prevent, or take action regarding unlawful or harmful activities, including potential threats to the physical safety of a person, potential fraud, and violations of our
c. How we use Marketing Information
c. We may share the Marketing Information with the following parties:
d. We may share the Service Information, Usage Information and Marketing Information:"
marketing information you provide to we,we,"legal, security, services, advertising, analytics",We use Marketing Information that you provide to us:
operate system type,web server,,"In conjunction with the gathering of information through cookies and other automated means, Web servers may log information such as your device type, operating system type, browser type, domain, and other system settings, as well as the language your system uses and the country and time zone where your device is located."
payment datum,we,"legal, security, services, advertising, analytics","If we provide a payment option to Customers, we may collect payment data, and if a Customer purchases one of our online subscription-based Services, the Customer may need to provide payment and/or credit card information, and other information to validate their payment method and identity."
personal data be,we,"legal, security, services, advertising, analytics","Where applicable, we also retain personal data which is necessary to keep in a suppression file, i.e., so if we obtain someone's data again, we will be able to exclude it from use."
personal information it receive under eu u.s. dpf in response to lawful request by public authority include,apollo,,"Apollo may, from time to time, be required to disclose personal information it receives under the EU-U.S. DPF, the UK Extension to the EU-U.S. DPF, and the Swiss-U.S. DPF in response to lawful requests by public authorities, including to meet national security or law enforcement requirements."
photo,we,"legal, security, services, advertising, analytics","For events, we may also document the event by taking photos or interviewing you at the event.
We use this information for business and marketing purposes and training purposes."
service information,UNSPECIFIED_ACTOR,,"Privacy Policy

5 . Sharing your information

a. We may share the Service Information with the following parties:"
service information,we,"legal, security, services, advertising, analytics","Privacy Policy

5 . Sharing your information

a. We may share the Service Information with the following parties:
We also may use the Service Information, Usage Information or Marketing Information to (a) try to keep the Service safe, and (b) investigate, prevent, or take action regarding unlawful or harmful activities, including potential threats to the physical safety of a person, potential fraud, and violations of our
We use the Service Information for several purposes: When we obtain the Service Information for purposes of our own corporate business relations - such as to find and communicate with businesses we believe may be interested in our Service - we may use the Service Information for marketing and advertising, such as to deliver business emails about our service or other types of marketing.
d. We may share the Service Information, Usage Information and Marketing Information:"
system setting,web server,,"In conjunction with the gathering of information through cookies and other automated means, Web servers may log information such as your device type, operating system type, browser type, domain, and other system settings, as well as the language your system uses and the country and time zone where your device is located."
technical infrastructure,company perform service for we,advertising,"We may share the Marketing Information with the following parties:

With companies that perform services for us, with us, or on our behalf, including without limitation advertising and data companies, providers of technical infrastructure and technical and customer support, hosting providers, billing support and payment providers, advertising, data enhancement and marketing partners, and email service providers.
We may share the Service Information with the following parties:

Companies that perform services for us, with us, or on our behalf, including without limitation advertising and data platforms and companies (or those working with our customers and business partners), providers of technical infrastructure and technical and customer support, hosting providers, billing support and payment providers, and data enhancement platforms.
We may share the Usage Information with the following parties:

Companies that perform services for us, with us, or on our behalf, including without limitation advertising and data companies, providers of technical infrastructure and technical and customer support, hosting providers, billing support and payment providers, advertising, data enhancement and marketing partners, and email service providers."
technical support,company perform service for we,advertising,"We may share the Marketing Information with the following parties:

With companies that perform services for us, with us, or on our behalf, including without limitation advertising and data companies, providers of technical infrastructure and technical and customer support, hosting providers, billing support and payment providers, advertising, data enhancement and marketing partners, and email service providers.
We may share the Usage Information with the following parties:

Companies that perform services for us, with us, or on our behalf, including without limitation advertising and data companies, providers of technical infrastructure and technical and customer support, hosting providers, billing support and payment providers, advertising, data enhancement and marketing partners, and email service providers."
time zone,web server,,"In conjunction with the gathering of information through cookies and other automated means, Web servers may log information such as your device type, operating system type, browser type, domain, and other system settings, as well as the language your system uses and the country and time zone where your device is located."
usage information,UNSPECIFIED_ACTOR,,"Privacy Policy

5 . Sharing your information

b. We may share the Usage Information with the following parties:"
usage information,we,"legal, security, services, advertising, analytics","Privacy Policy

5 . Sharing your information

b. We may share the Usage Information with the following parties:
We also may use the Service Information, Usage Information or Marketing Information to (a) try to keep the Service safe, and (b) investigate, prevent, or take action regarding unlawful or harmful activities, including potential threats to the physical safety of a person, potential fraud, and violations of our
We use the Usage Information for several purposes:
d. We may share the Service Information, Usage Information and Marketing Information:"
