data_type,collector,purpose,text
cookie / pixel tag,we,"analytics, services","How we use Cookies; We use Cookies to help improve your experience whilst you are visiting our site.
We use Cookies to help understand anonymous usage of our site."
information about visit,we,"analytics, services","When you visit our web site, you may be providing us with information about your visit in two ways: Statistics collected as you browse Organisational and personal information you knowingly give us."
information about visit not,web server,,"As you browse the site, our Web servers collect information about your visit, not about you personally."
information about you,we,"analytics, services","To achieve this, we occasionally need information about you when you visit our Web site."
information you submit,UNSPECIFIED_ACTOR,,"The information you submit is only shared with third parties if it is necessary to complete your request, provide you with access to downloadable software, or as required by law."
personal information,we,"analytics, services, advertising","Within our website, you may be asked to give us personal or organisational information in order to receive information about a product or service."
statistic,we,"analytics, services, advertising","We use these statistics to improve our website, to monitor its performance, and to make it easier for you and other visitors to use."
