data_type,collector,purpose,text
Amplitude,analytic provider,services,"We may use analytics tools, including Google Analytics and Amplitude."
Google,analytic provider,services,"We may use analytics tools, including Google Analytics and Amplitude."
UNSPECIFIED_DATA,we,,"This privacy policy (""Privacy Policy"") is intended to help you understand what data we collect, what we do with it, how we protect it, and what choices you have with regard to our collection of your data through your use of the services (the ""Services"") offered by BoostUp.ai through the BoostUp.ai website (the ""Site"").
We may keep aggregated non-identifiable information without limitation, and to the extent reasonable we will delete or de-identify potentially identifiable information, when we no longer need to process the information.
We may store and process information in various sites throughout the globe, including in sites operated and maintained by cloud based service providers."
address book,boostup.ai,,"Customer Activity Data  - BoostUp.ai collects and processes activity data - email, calendar, phone data, address book, customer relationship management (""CRM"") data, etc. - of Customer communications, further referred to as ""Customer Activity Data,"" on behalf of the Customer, by allowing BoostUp.ai to access your third party services such as GSuite, Outlook, Salesforce, Microsoft Dynamics, Hubspot CRM etc."
aggregate / deidentified / pseudonymized information,we,"analytics, services","We use anonymous, statistical or aggregated information, which may be based on extracts of your personal information, for legitimate business purposes including for testing, development, control, dashboard user experience and operation of the Service."
aggregate non - identifiable information,we,"analytics, services","We may keep aggregated non-identifiable information without limitation, and to the extent reasonable we will delete or de-identify potentially identifiable information, when we no longer need to process the information."
calendar,boostup.ai,,"Customer Activity Data  - BoostUp.ai collects and processes activity data - email, calendar, phone data, address book, customer relationship management (""CRM"") data, etc. - of Customer communications, further referred to as ""Customer Activity Data,"" on behalf of the Customer, by allowing BoostUp.ai to access your third party services such as GSuite, Outlook, Salesforce, Microsoft Dynamics, Hubspot CRM etc."
cookie / pixel tag,analytic provider,services,"The privacy practices of these tools are subject to their own policies and they may use their own cookies to provide their services.
We may use analytics tools, including Google Analytics and Amplitude."
customer relationship management crm datum,boostup.ai,,"Customer Activity Data  - BoostUp.ai collects and processes activity data - email, calendar, phone data, address book, customer relationship management (""CRM"") data, etc. - of Customer communications, further referred to as ""Customer Activity Data,"" on behalf of the Customer, by allowing BoostUp.ai to access your third party services such as GSuite, Outlook, Salesforce, Microsoft Dynamics, Hubspot CRM etc."
demographic information about user as whole,boostup.ai,,"This allows our server to ""recognize"" you when your computer visits the Site in the future and helps BoostUp.ai analyze trends, track user movement in the site, and gather demographic information about our users as a whole."
different type of information,we,"analytics, services","We retain different types of information for different periods, depending on the purposes for processing the information, our legitimate business purposes as well as pursuant to legal requirements under the applicable law."
email address,boostup.ai,,"Customer Activity Data  - BoostUp.ai collects and processes activity data - email, calendar, phone data, address book, customer relationship management (""CRM"") data, etc. - of Customer communications, further referred to as ""Customer Activity Data,"" on behalf of the Customer, by allowing BoostUp.ai to access your third party services such as GSuite, Outlook, Salesforce, Microsoft Dynamics, Hubspot CRM etc."
email address,boostup.ai,services,"Customer Activity Data  - BoostUp.ai collects and processes activity data - email, calendar, phone data, address book, customer relationship management (""CRM"") data, etc. - of Customer communications, further referred to as ""Customer Activity Data,"" on behalf of the Customer, by allowing BoostUp.ai to access your third party services such as GSuite, Outlook, Salesforce, Microsoft Dynamics, Hubspot CRM etc."
email address,we,"analytics, services","We may use Customer's email address to contact Customer when necessary, to send Customer reminders and to provide Customer information and notices about the Service."
email address,we,"analytics, services, legal, security","We may use Customer's email address to contact Customer when necessary, to send Customer reminders and to provide Customer information and notices about the Service."
email datum,boostup.ai,services,BoostUp.ai collects email and calendar data for the sole business-related use of the user and BoostUp.ai's Client.
identifiable information,UNSPECIFIED_ACTOR,analytics,"We may share your identifiable information with service providers and other third parties, if necessary to fulfill the purposes for collecting the information, provided that any such third party will commit to protect your privacy as required under the applicable law and this policy."
identifiable information,service provider,analytics,"We may share your identifiable information with service providers and other third parties, if necessary to fulfill the purposes for collecting the information, provided that any such third party will commit to protect your privacy as required under the applicable law and this policy."
identifiable information,we,"analytics, services, legal, security","If necessary, we may use your identifiable information to enforce our terms, policies and legal agreements, to comply with court orders and warrants, and assist law enforcement agencies, to collect debts, prevent fraud, misappropriation, infringements, identity thefts and any other misuse of the Service, and to take any action in any legal dispute and proceeding.
We may share your identifiable information with service providers and other third parties, if necessary to fulfill the purposes for collecting the information, provided that any such third party will commit to protect your privacy as required under the applicable law and this policy."
information about you,we,"analytics, services, legal, security","In any case, as long as you use the Service, we will keep information about you, unless we are required by law to delete it, or if we decide to remove it at our discretion."
necessary information correct it,we,"analytics, services, legal, security","If you find that the information that we keep about you is not accurate, complete or updated, then please provide us the necessary information to correct it."
personal identifier,UNSPECIFIED_ACTOR,analytics,"We may also share personally identifiable information with companies or organizations connected, or affiliated with us, such as subsidiaries, sister-companies and parent companies, with the express provision that their use of such information must comply with this policy."
personal identifier,parent company,,"We may also share personally identifiable information with companies or organizations connected, or affiliated with us, such as subsidiaries, sister-companies and parent companies, with the express provision that their use of such information must comply with this policy."
personal identifier,sister company,,"We may also share personally identifiable information with companies or organizations connected, or affiliated with us, such as subsidiaries, sister-companies and parent companies, with the express provision that their use of such information must comply with this policy."
personal identifier,we,"analytics, services, legal, security","We may also share personally identifiable information with companies or organizations connected, or affiliated with us, such as subsidiaries, sister-companies and parent companies, with the express provision that their use of such information must comply with this policy."
phone datum,boostup.ai,services,"Customer Activity Data  - BoostUp.ai collects and processes activity data - email, calendar, phone data, address book, customer relationship management (""CRM"") data, etc. - of Customer communications, further referred to as ""Customer Activity Data,"" on behalf of the Customer, by allowing BoostUp.ai to access your third party services such as GSuite, Outlook, Salesforce, Microsoft Dynamics, Hubspot CRM etc."
trend,boostup.ai,services,"This allows our server to ""recognize"" you when your computer visits the Site in the future and helps BoostUp.ai analyze trends, track user movement in the site, and gather demographic information about our users as a whole."
