data_type,collector,purpose,text
UNSPECIFIED_DATA,circleback,,"By using the Services, you acknowledge that any Personal Data about you, regardless of whether provided by you or obtained from a third party, is being provided to Circleback in the U.S. and will be hosted on U.S. servers, and you authorize Circleback to transfer, store and process your information to and in the U.S., and possibly other countries."
UNSPECIFIED_DATA,we,,"By using or accessing our Services in any manner, you acknowledge that you accept the practices and policies outlined below, and you hereby consent that we will collect, use and share your information as described in this Privacy Policy.
Privacy Policy

Personal Data

Our Commercial or Business Purposes for Collecting Personal Data : Providing, Customizing and Improving the Services : Meeting or fulfilling the reason you provided the information to us.
We may further retain information in an anonymous or aggregated form where that information would not identify you personally.
You can also request that we transmit the data to another controller where technically feasible."
credit / debit card number,process partner,,Our payment processing partner collects your voluntarily-provided payment card information necessary to process your payment.
geolocation,we,"analytics, services","If you use a location-enabled browser, we may receive information about your location and device, as applicable."
internal analytic,we,"analytics, services, security","Our Commercial or Business Purposes for Collecting Personal Data : Providing, Customizing and Improving the Services : Improving the Services, including testing, research, internal analytics and product development."
product development,we,"analytics, services, security","Our Commercial or Business Purposes for Collecting Personal Data : Providing, Customizing and Improving the Services : Improving the Services, including testing, research, internal analytics and product development."
