data_type,collector,purpose,text
UNSPECIFIED_DATA,Cirrus Insight,"advertising, analytics, legal, security, services","Cirrus Insight automatically collects information and log details to operate the www.cirrusinsight.com websites.
Cirrus Insight retains this Information only for as long as needed for Cirrus Insight's legitimate business purposes and as required by applicable laws, investigations, or other security matters.
Collecting Your Information
If you are based in the EEA or Switzerland, you acknowledge that Cirrus Insight may transfer your Information (including Personal Data) to Cirrus Insight and Cirrus Insight's facilities in the United States or elsewhere, including those of third parties as described in the "" Business Transfers "" and "" Third-Party Service Providers "" sections of this Privacy Policy.
If you voluntarily provide PII through Cirrus Insight's www.cirrusinsight.com website or directly to Cirrus Insight designated representatives, Cirrus Insight may retain this Information in accordance with the Data Storage section of this Privacy Policy.
In providing the Services, Cirrus Insight may have access to this data when providing live technical support.
In relation to the Services that Cirrus Insight provides to a Client, Cirrus Insight retains data only as directed by that Client.
Other Disclosures: Cirrus Insight may disclose information to fulfill the purpose for which you provide it and to enforce or apply agreements with Cirrus Insight.
When you access the Services and Websites of Cirrus Insight, including requests for Product demonstration, via a browser, application, or other devices, Cirrus Insight's servers automatically record certain information.
Your information will be used by Cirrus Insight for the purposes of carrying out its application and recruitment process which includes:"
UNSPECIFIED_DATA,UNSPECIFIED_ACTOR,"analytics, services","For data portability requests, Cirrus Insight will select a format to provide your PII that is readily usable and should allow you to transmit the Information from one entity to another entity.
In all instances, third-party services providers can only use any data for Cirrus Insight's business purposes as specified in Cirrus Insight's written agreement with them and not their own purposes."
UNSPECIFIED_DATA,product engineering team,,Your data will also be utilized by our product engineering team in development and testing activities.
UNSPECIFIED_DATA,we,"legal, security, services","Collecting Your Information
We use this information to authenticate, connect, or link your third-party accounts to Cirrus Insight.
We will also use your information to protect the rights and property of Cirrus Insight, our users, applicants, candidates, employees or the public as required or permitted by law.
We will provide you with your information, in a machine-readable format, so that you can make use of it in other contexts, or with other service providers."
action,Cirrus Insight,"advertising, analytics, legal, security, services","When any individual uses the ""Do Not Track"" setting, Cirrus Insight will only log the action, but will not store the user agent or IP address."
administrator account information,Cirrus Insight,"advertising, analytics, legal, security, services","In addition, Cirrus Insight may collect and transfer the following information between the US and other countries when deemed necessary for operating of business or hired services: Administrator account information"
aggregate / deidentified / pseudonymized information,Cirrus Insight,"advertising, analytics, legal, security, services",Cirrus Insight uses de-identified data for business analytics purposes.
anonymized web server log file,Cirrus Insight,"advertising, analytics, legal, security, services",Cirrus Insight stores anonymized web server log files by keeping only part of the user's IP address and generalizing the user agent.
client billing information,Cirrus Insight,"advertising, analytics, legal, security, services","In addition, Cirrus Insight may collect and transfer the following information between the US and other countries when deemed necessary for operating of business or hired services: Client billing information"
client datum,Cirrus Insight,"advertising, analytics, legal, security, services","As a standard practice, Cirrus Insight will store and maintain Client data for up to 90 days after the termination of an applicable agreement, unless a return of the data is requested by Client."
client datum,client,,"As a standard practice, Cirrus Insight will store and maintain Client data for up to 90 days after the termination of an applicable agreement, unless a return of the data is requested by Client."
cookie / pixel tag,Cirrus Insight,"advertising, analytics, legal, security, services","Cirrus Insight uses cookies and similar technologies for tracking across different devices, websites and online services."
cookie / pixel tag,UNSPECIFIED_ACTOR,"analytics, services, security","When you visit or log in to our website, cookies and similar technologies may be used by our online data partners or vendors to associate these activities with other personal information they or others have about you, including by association with your email or home address."
cookie / pixel tag,online datum partner,"analytics, security, services","When you visit or log in to our website, cookies and similar technologies may be used by our online data partners or vendors to associate these activities with other personal information they or others have about you, including by association with your email or home address."
cookie / pixel tag,we,"legal, security, services","Cirrus Insight uses cookies and similar technologies for tracking across different devices, websites and online services.
These Services may collect information sent by your browser as part of a web page request, such as cookies or your IP request.
We use this information both for secure authentication and for the maintenance of your active sessions."
crm info,Cirrus Insight,"advertising, analytics, legal, security, services","Cirrus Insight uses search engines (Bing and Google), paid social media (LinkedIn, Twitter, and Facebook), email marketing (current and future Cirrus Insight blog), contests (CRM info), surveys (anonymous and/or CRM), lead generation forms (Facebook and LinkedIn) to provide marketing to Client representatives who have opted in to receive marketing materials."
email address,Cirrus Insight,"advertising, analytics, legal, security, services","If you contact us by email, Cirrus Insight will obtain and store your email address."
end user datum,Cirrus Insight,"advertising, analytics, legal, security, services","In order to provide the Services contracted by a Client, Cirrus Insight must collect end-user data and metadata from the Client operating systems."
end user datum store within cirrus insight server,UNSPECIFIED_ACTOR,"analytics, services, security","End-user data stored within the Cirrus Insight servers are encrypted and may be sold or transferred to a third party if Cirrus Insight is involved in an acquisition, merger or other corporate reorganization transaction."
end user information,Cirrus Insight,"advertising, analytics, legal, security, services","Law and Harm: Cirrus Insight may disclose End-user Information if Cirrus Insight believes that it is reasonably necessary to comply with a law, regulation, or legal request; to protect the safety of any person; to address fraud, security, or technical issues; or to protect Cirrus Insight's rights or property."
financial information,Cirrus Insight,"advertising, analytics, legal, security, services","Cirrus Insight may collect financial information from potential customers to process Cirrus Insight's customer payments, such as:"
id assign to user,support representatives,,"Support Representatives will have read-only access to the ID assigned to the user, along with any PII/ Personal Data needed to verify identity or that is voluntarily given by the user."
information collect,Cirrus Insight,"advertising, analytics, legal, security, services",The information collected will only be used by Cirrus Insight's third-party processor for the purpose of purchasing the Services.
information collect,we,"legal, security, services, advertising, analytics","We use the information collected to enter into the Agreement with the organization you represent; to process your requests or billing transactions; to provide you with information or services you request; to inform you about other information, events, promotions, products, or services we think will be of interest to you and to which you have consent; and to support and facilitate your usage of the Services."
information regard membership in organization,we,"legal, security, services, advertising, analytics","Your information will be used by Cirrus Insight for the purposes of carrying out its application and recruitment process which includes: As part of our commitment to equal opportunity employment, we may process information regarding your membership in various organizations to support our diversity and inclusion efforts."
ip address,Cirrus Insight,"advertising, analytics, legal, security, services","IP address
If you contact us through chat, Cirrus Insight will obtain your IP Address and store only part of it.
In addition, Cirrus Insight may collect and transfer the following information between the US and other countries when deemed necessary for operating of business or hired services:"
ip address,we,"legal, security, services, advertising, analytics","These Services may collect information sent by your browser as part of a web page request, such as cookies or your IP request."
log detail,Cirrus Insight,"advertising, analytics, legal, security, services",Cirrus Insight automatically collects information and log details to operate the www.cirrusinsight.com websites.
metadata,Cirrus Insight,"advertising, analytics, legal, security, services","In order to provide the Services contracted by a Client, Cirrus Insight must collect end-user data and metadata from the Client operating systems."
partial information,we,"legal, security, services, advertising, analytics","In some cases, we may need to retain partial information to fulfill our legal responsibilities, or to complete ongoing financial transactions."
personal information,Cirrus Insight,"advertising, analytics, legal, security, services","If you are based in the EEA or Switzerland, you acknowledge that Cirrus Insight may transfer your Information (including Personal Data) to Cirrus Insight and Cirrus Insight's facilities in the United States or elsewhere, including those of third parties as described in the "" Business Transfers "" and "" Third-Party Service Providers "" sections of this Privacy Policy.
If you have a right to object and you exercise this right, your Personal Data will no longer be processed for such purposes by Cirrus Insight.
In situations where public authorities make lawful requests for information, such as to meet national security or law enforcement requirements, Cirrus Insight may be required to disclose Personal Data."
phone number,Cirrus Insight,"advertising, analytics, legal, security, services","If you contact us by phone call, Cirrus Insight will obtain and store your phone number."
sccs,Cirrus Insight,"advertising, analytics, legal, security, services","Cirrus Insight is using Standard Contractual Clauses (""SCCs"") in addition to other mechanisms and implementing supplemental measures as applicable to better ensure that EU individuals' Personal Data is subject to adequate protections."
student information,Cirrus Insight,"advertising, analytics, legal, security, services","When Cirrus Insight's Services are used by an educational Client for an educational purpose, Cirrus Insight is permitted by the Client to process that student Information as a School Official and only for legitimate educational purposes authorized by the Client."
track datum,Cirrus Insight,"advertising, analytics, legal, security, services",Cirrus Insight may also analyze tracked data for analysis of business trends and statistics.
user agent detail,Cirrus Insight,"advertising, analytics, legal, security, services","In addition, Cirrus Insight may collect and transfer the following information between the US and other countries when deemed necessary for operating of business or hired services: User agent details"
