data_type,collector,purpose,text
cookie / pixel tag,we,"analytics, services","Our website uses these ""cookies"" to collection information and to improve our Service."
influence,we,"analytics, services, advertising",We will also use our influence to promote the principles in other companies where WRX Company has ownership interests.
information browser send to we,we,"analytics, services, advertising","Whenever you visit our Service, we collect information that your browser sends to us that is called Log Data."
personal information,coaching wrx support team,,"In a rare case of you having a problem using the service, that can not be solved without your data, Coaching WRX support team can, with your permission, access your personal data."
personal information,we,"analytics, services, advertising","In the case we discover that a user under 18 has provided us with personal information, we immediately delete this from our servers.
We may collect personal information about you from different sources, including:
We use your personal information in a way that is fair and worthy of your trust."
