data_type,collector,purpose,text
UNSPECIFIED_DATA,UNSPECIFIED_ACTOR,,We may also share your information with our partners and affiliates who offer complementary products and services.
UNSPECIFIED_DATA,we,"legal, security","We may also share your information with our partners and affiliates who offer complementary products and services.
We may also use your information to improve our services, prevent fraud, and comply with legal and regulatory requirements."
information about device,we,"legal, security",We may also collect information about your device and browser.
