data_type,collector,purpose,text
UNSPECIFIED_DATA,UNSPECIFIED_ACTOR,,"Although our Privacy Policy does not apply to the practices of companies we don't own or people that we don't manage, our Data Processing Agreements define how these third parties can use and store your information, consistent with this Privacy Policy.
As described below, when we share any information about you with third parties, we pseudonymize and aggregate any information about you before we share it unless more detail is necessary to the function of the Services."
UNSPECIFIED_DATA,we,"analytics, security, services","In general, it is important to note the following regarding the use of cookies: We may use cookies to collect, store, and track information for statistical purposes to operate our Website and Services.
In general, we may disclose or transfer your information without your consent to disclosure when we reasonably believe disclosure is appropriate to:
We provide information to help copyright holders manage their intellectual property online, but we can't determine whether something is being used legally or not without their input.
We will share your Personal Data with affiliated businesses only if you or your Dialpad Services administrator set up an integration, and we will only share your information to the extent that it is related to the transaction or service.
Where we are processing your information on our own behalf as a controller, we may disclose your information with your consent, which we may obtain in several ways, including:"
aggregate / deidentified / pseudonymized information,UNSPECIFIED_ACTOR,,"We may share De-Identified Personal Data or anonymous information (including, but not limited to, anonymous usage data, referring/exit pages and URLs, IP address, platform types, number of clicks, etc.) with interested third parties in any way we choose and for any purpose."
aggregate / deidentified / pseudonymized information,we,"analytics, security, services","We may share De-Identified Personal Data or anonymous information (including, but not limited to, anonymous usage data, referring/exit pages and URLs, IP address, platform types, number of clicks, etc.) with interested third parties in any way we choose and for any purpose."
aggregate usage information,UNSPECIFIED_ACTOR,analytics,We may also provide aggregate usage information to our partners to understand how often and in what ways people use our Services.
aggregate usage information,we,"analytics, security, services",We may also provide aggregate usage information to our partners to understand how often and in what ways people use our Services.
bank account number,we,"analytics, security, services, legal","For purposes of CCPA/CPRA, we collect the following categories of Personal Data from you when you Interact with us and we share that Personal Data for a business purpose as follows: You can find the types of Personal Data we collect about you in the Section titled ""Types of Data We Collect"" of the Privacy Policy, but since California regulations have specific terms, please find below the correct applicable terms: Any categories of Personal Data described in subdivision (e) of Section 1798.80. (e.g., name, address, telephone number, passport number, employment history, bank account number, etc.)"
bank account number,we,"analytics, security, services, legal, advertising","For purposes of CCPA/CPRA, we collect the following categories of Personal Data from you when you Interact with us and we share that Personal Data for a business purpose as follows: You can find the types of Personal Data we collect about you in the Section titled ""Types of Data We Collect"" of the Privacy Policy, but since California regulations have specific terms, please find below the correct applicable terms: Any categories of Personal Data described in subdivision (e) of Section 1798.80. (e.g., name, address, telephone number, passport number, employment history, bank account number, etc.)"
content provider,we,"analytics, security, services, legal, advertising","In general, we may disclose or transfer your information without your consent to disclosure when we reasonably believe disclosure is appropriate to: Protect our rights or property or that of our affiliates, including respective officers, directors, employees, agents, third party content providers, suppliers, sponsors, or licensors (e.g., to address allegations about fraudulent or unlawful activity related to a Miro account)."
cookie / pixel tag,we,"analytics, security, services, legal","In general, it is important to note the following regarding the use of cookies: We may use cookies to collect, store, and track information for statistical purposes to operate our Website and Services."
customer datum,linked services utilize at option,,"By using any product, service or functionality of the Linked Services, you acknowledge and consent that Dialpad may share Customer Data with such Linked Services utilized by you at your option."
de - identified personal data,UNSPECIFIED_ACTOR,analytics,"We may share De-Identified Personal Data or anonymous information (including, but not limited to, anonymous usage data, referring/exit pages and URLs, IP address, platform types, number of clicks, etc.) with interested third parties in any way we choose and for any purpose."
de - identified personal data,we,"analytics, security, services, legal","We may anonymize, de-identify, and/or aggregate your Personal Data so that you are not individually identifiable (""De-Identified Personal Data""), and provide De-Identified Personal Data to certain of our partners to help us improve our Service, such as sending anonymized samples of audio or text to a third party to improve speech-to-text transcription and reading comprehension.
We may share De-Identified Personal Data or anonymous information (including, but not limited to, anonymous usage data, referring/exit pages and URLs, IP address, platform types, number of clicks, etc.) with interested third parties in any way we choose and for any purpose."
director,we,"analytics, security, services, legal, advertising","In general, we may disclose or transfer your information without your consent to disclosure when we reasonably believe disclosure is appropriate to: Protect our rights or property or that of our affiliates, including respective officers, directors, employees, agents, third party content providers, suppliers, sponsors, or licensors (e.g., to address allegations about fraudulent or unlawful activity related to a Miro account)."
employment history,we,"analytics, security, services, legal","For purposes of CCPA/CPRA, we collect the following categories of Personal Data from you when you Interact with us and we share that Personal Data for a business purpose as follows: You can find the types of Personal Data we collect about you in the Section titled ""Types of Data We Collect"" of the Privacy Policy, but since California regulations have specific terms, please find below the correct applicable terms: Any categories of Personal Data described in subdivision (e) of Section 1798.80. (e.g., name, address, telephone number, passport number, employment history, bank account number, etc.)"
employment history,we,"analytics, security, services, legal, advertising","For purposes of CCPA/CPRA, we collect the following categories of Personal Data from you when you Interact with us and we share that Personal Data for a business purpose as follows: You can find the types of Personal Data we collect about you in the Section titled ""Types of Data We Collect"" of the Privacy Policy, but since California regulations have specific terms, please find below the correct applicable terms: Any categories of Personal Data described in subdivision (e) of Section 1798.80. (e.g., name, address, telephone number, passport number, employment history, bank account number, etc.)"
gender marital status,we,"analytics, security, services, legal","For purposes of CCPA/CPRA, we collect the following categories of Personal Data from you when you Interact with us and we share that Personal Data for a business purpose as follows: You can find the types of Personal Data we collect about you in the Section titled ""Types of Data We Collect"" of the Privacy Policy, but since California regulations have specific terms, please find below the correct applicable terms: Characteristics of protected classifications under California or federal law (e.g., gender, marital status)"
gender marital status,we,"analytics, security, services, legal, advertising","For purposes of CCPA/CPRA, we collect the following categories of Personal Data from you when you Interact with us and we share that Personal Data for a business purpose as follows: You can find the types of Personal Data we collect about you in the Section titled ""Types of Data We Collect"" of the Privacy Policy, but since California regulations have specific terms, please find below the correct applicable terms: Characteristics of protected classifications under California or federal law (e.g., gender, marital status)"
information about,UNSPECIFIED_ACTOR,analytics,"If you provide feedback or suggestions about our APIs, then we (and those we allow) may use such information without obligation to you.
Please review the applicable API documentation for information about opting out of certain types of communication."
information about,we,"analytics, security, services, legal","If you provide feedback or suggestions about our APIs, then we (and those we allow) may use such information without obligation to you.
Please review the applicable API documentation for information about opting out of certain types of communication."
internet activity,third party service provider of track technology,,"Dialpad and third-party service providers of tracking technologies gather non-Personal Data about how users enter, navigate, and leave the website and Services, the frequency and length of visits to the Services or third party websites, application or device usage data, and your product or service preference indicated by the number of times and the length of time you view a product."
internet activity,we,"analytics, security, services, legal","For purposes of CCPA/CPRA, we collect the following categories of Personal Data from you when you Interact with us and we share that Personal Data for a business purpose as follows: You can find the types of Personal Data we collect about you in the Section titled ""Types of Data We Collect"" of the Privacy Policy, but since California regulations have specific terms, please find below the correct applicable terms: Internet or other electronic network activity information, including, but not limited to, browsing history, search history, and information regarding the interaction with the website, applications, or advertisements (e.g. email conversations)."
internet activity,we,"analytics, security, services, legal, advertising","For purposes of CCPA/CPRA, we collect the following categories of Personal Data from you when you Interact with us and we share that Personal Data for a business purpose as follows: You can find the types of Personal Data we collect about you in the Section titled ""Types of Data We Collect"" of the Privacy Policy, but since California regulations have specific terms, please find below the correct applicable terms: Internet or other electronic network activity information, including, but not limited to, browsing history, search history, and information regarding the interaction with the website, applications, or advertisements (e.g. email conversations)."
licensor,we,"analytics, security, services, legal, advertising","In general, we may disclose or transfer your information without your consent to disclosure when we reasonably believe disclosure is appropriate to: Protect our rights or property or that of our affiliates, including respective officers, directors, employees, agents, third party content providers, suppliers, sponsors, or licensors (e.g., to address allegations about fraudulent or unlawful activity related to a Miro account)."
non-personal information,third party service provider of track technology,,"Dialpad and third-party service providers of tracking technologies gather non-Personal Data about how users enter, navigate, and leave the website and Services, the frequency and length of visits to the Services or third party websites, application or device usage data, and your product or service preference indicated by the number of times and the length of time you view a product."
passport number,we,"analytics, security, services, legal","For purposes of CCPA/CPRA, we collect the following categories of Personal Data from you when you Interact with us and we share that Personal Data for a business purpose as follows: You can find the types of Personal Data we collect about you in the Section titled ""Types of Data We Collect"" of the Privacy Policy, but since California regulations have specific terms, please find below the correct applicable terms: Any categories of Personal Data described in subdivision (e) of Section 1798.80. (e.g., name, address, telephone number, passport number, employment history, bank account number, etc.)"
passport number,we,"analytics, security, services, legal, advertising","For purposes of CCPA/CPRA, we collect the following categories of Personal Data from you when you Interact with us and we share that Personal Data for a business purpose as follows: You can find the types of Personal Data we collect about you in the Section titled ""Types of Data We Collect"" of the Privacy Policy, but since California regulations have specific terms, please find below the correct applicable terms: Any categories of Personal Data described in subdivision (e) of Section 1798.80. (e.g., name, address, telephone number, passport number, employment history, bank account number, etc.)"
person name,we,"analytics, security, services, legal","For purposes of CCPA/CPRA, we collect the following categories of Personal Data from you when you Interact with us and we share that Personal Data for a business purpose as follows: You can find the types of Personal Data we collect about you in the Section titled ""Types of Data We Collect"" of the Privacy Policy, but since California regulations have specific terms, please find below the correct applicable terms: Any categories of Personal Data described in subdivision (e) of Section 1798.80. (e.g., name, address, telephone number, passport number, employment history, bank account number, etc.)"
person name,we,"analytics, security, services, legal, advertising","For purposes of CCPA/CPRA, we collect the following categories of Personal Data from you when you Interact with us and we share that Personal Data for a business purpose as follows: You can find the types of Personal Data we collect about you in the Section titled ""Types of Data We Collect"" of the Privacy Policy, but since California regulations have specific terms, please find below the correct applicable terms: Any categories of Personal Data described in subdivision (e) of Section 1798.80. (e.g., name, address, telephone number, passport number, employment history, bank account number, etc.)"
personal datum identify in list,we,"analytics, security, services, legal, advertising","We collect Personal Data identified in the list above to communicate with you, for marketing and promotional purposes, to provide and improve our services and other purposes set forth in the Section titled ""How Does Dialpad Use Personal Data"" of the Privacy Policy."
phone number,unlimited service,,"An unlimited service provides you with a domestic telephone number and is subject to the terms and restrictions of Dialpad's Acceptable Use Policy, along with any other restrictions described herein, as well as any reseller agreements, if applicable."
phone number,we,"analytics, security, services, legal, advertising","For purposes of CCPA/CPRA, we collect the following categories of Personal Data from you when you Interact with us and we share that Personal Data for a business purpose as follows: You can find the types of Personal Data we collect about you in the Section titled ""Types of Data We Collect"" of the Privacy Policy, but since California regulations have specific terms, please find below the correct applicable terms: Any categories of Personal Data described in subdivision (e) of Section 1798.80. (e.g., name, address, telephone number, passport number, employment history, bank account number, etc.)"
postal address,we,"analytics, security, services, legal","For purposes of CCPA/CPRA, we collect the following categories of Personal Data from you when you Interact with us and we share that Personal Data for a business purpose as follows: You can find the types of Personal Data we collect about you in the Section titled ""Types of Data We Collect"" of the Privacy Policy, but since California regulations have specific terms, please find below the correct applicable terms: Any categories of Personal Data described in subdivision (e) of Section 1798.80. (e.g., name, address, telephone number, passport number, employment history, bank account number, etc.)"
postal address,we,"analytics, security, services, legal, advertising","For purposes of CCPA/CPRA, we collect the following categories of Personal Data from you when you Interact with us and we share that Personal Data for a business purpose as follows: You can find the types of Personal Data we collect about you in the Section titled ""Types of Data We Collect"" of the Privacy Policy, but since California regulations have specific terms, please find below the correct applicable terms: Any categories of Personal Data described in subdivision (e) of Section 1798.80. (e.g., name, address, telephone number, passport number, employment history, bank account number, etc.)"
request,we,"analytics, security, services, legal, advertising","You may ask us to restrict or 'block' the processing of your Personal Data in the following circumstances: we processed or will process inaccurate Personal Data we processed your Personal Data unlawfully we don't need to process your Personal Data, but we need to keep it to allow you to establish, exercise, or defend a legal claim you exercised your right to object processing, but we are still validating your request We will tell you before we lift any restriction on processing."
respective officer,we,"analytics, security, services, legal, advertising","In general, we may disclose or transfer your information without your consent to disclosure when we reasonably believe disclosure is appropriate to: Protect our rights or property or that of our affiliates, including respective officers, directors, employees, agents, third party content providers, suppliers, sponsors, or licensors (e.g., to address allegations about fraudulent or unlawful activity related to a Miro account)."
sponsor,we,"analytics, security, services, legal, advertising","In general, we may disclose or transfer your information without your consent to disclosure when we reasonably believe disclosure is appropriate to: Protect our rights or property or that of our affiliates, including respective officers, directors, employees, agents, third party content providers, suppliers, sponsors, or licensors (e.g., to address allegations about fraudulent or unlawful activity related to a Miro account)."
supplier,we,"analytics, security, services, legal, advertising","In general, we may disclose or transfer your information without your consent to disclosure when we reasonably believe disclosure is appropriate to: Protect our rights or property or that of our affiliates, including respective officers, directors, employees, agents, third party content providers, suppliers, sponsors, or licensors (e.g., to address allegations about fraudulent or unlawful activity related to a Miro account)."
training datum save,automate system,,"Training data saved by Dialpad is used only for improving Dialpad's language models, and is processed primarily by automated systems."
user information,UNSPECIFIED_ACTOR,"analytics, security, services",You will provide and adhere to a privacy policy for your API Client that clearly and accurately describes to users of your API Client what user information you collect and how you use and share such information (including for advertising) with Dialpad and third parties.
