data_type,collector,purpose,text
UNSPECIFIED_DATA,we,,"Besides that, we also receive data about your screen resolution and other similar information."
cookie / pixel tag,we,"analytics, services","TL;DR

We use Cookies to:
TL;DR

We use cookies to ensure you get the best experience possible."
cookie / pixel tag,website in world,,Cookies are used by almost every website in the world.
email address,we,"analytics, services","TL;DR Version

We use the chat tool Smartsupp for support, we share your name and email address with it so that in case we miss your message, we know which email to reply to.
TL;DR Version

We use the email tool Helpscout for support, we share your name and email address with it so that we can answer you."
person name,we,"analytics, services","TL;DR Version

We use the chat tool Smartsupp for support, we share your name and email address with it so that in case we miss your message, we know which email to reply to.
TL;DR Version

We use the email tool Helpscout for support, we share your name and email address with it so that we can answer you."
