data_type,collector,purpose,text
UNSPECIFIED_DATA,UNSPECIFIED_ACTOR,services,"To realize the collaborating capability among the associated organizations, your organization will provide external collaborating organizations with your necessary personal information and data generated during work collaboration, and relevant information may be stored and accessed cross borders according to different collaborating counterparties.
When you log in with a Feishu account on a third-party product or service, or bind a Feishu account with another third-party or related party account, such applications or services will use your name, profile photo, app installation status, device information, the order information for purchasing third-party products and other information as authorized by you."
UNSPECIFIED_DATA,cooperative party,,"When you choose to participate in marketing activities organized by us and our affiliates or third parties, to provide you with consistent services in joint activities, or to send you cash rewards offered by our entrust cooperative parties in time, we and our cooperative parties may need your name, mailing address, contact information and other information."
UNSPECIFIED_DATA,external collaborate organization,services,"To realize the collaborating capability among the associated organizations, your organization will provide external collaborating organizations with your necessary personal information and data generated during work collaboration, and relevant information may be stored and accessed cross borders according to different collaborating counterparties."
UNSPECIFIED_DATA,feishu,,"Feishu will only process the information according to the Customer's instructions, the agreement between the Customer and us and for the purpose of providing you with relevant services and features.
In order to provide the Service for you and every Customer, meet Customer's needs of working collaboration and management, maintain the normal and safe operation of the Service, and optimize the functional experience of the Service, Feishu will collect the personal information you provide or authorize any other party to provide when registering an account and using the Service, as well as that generated during your use of the Service, according to the following purposes and methods:"
UNSPECIFIED_DATA,we,"security, services","To maintain a safe operation, quality and efficiency of software and services, we will collect the following information from you: hardware model, operating system version number, device identifiers (For Android devices: such as IMEI, AndroidID, OAID, IMSI, SIM card information (such as ICCID), GAID, MEID.
When you choose to participate in marketing activities organized by us and our affiliates or third parties, to provide you with consistent services in joint activities, or to send you cash rewards offered by our entrust cooperative parties in time, we and our cooperative parties may need your name, mailing address, contact information and other information.
c. We may use your account information, device information, service logs and other information that our affiliates and partners may seek from you with your authorization or according to law, for the purpose of maintaining the security of accounts and transactions, conducting identity verification, identifying violations, detecting and preventing security incidents."
above information,feishu,,"1.7.3 When you click, browse, comment, collect, download, are ""liked"" or share the content, Feishu will record the above information for enabling such features."
acceleration sensor,we,"security, services, analytics","When you take pictures with the horizontal screen of your mobile phone, to adapt to the status of your device, we may use the acceleration sensor to identify whether the device is in the horizontal screen status."
account,customer service provider,"analytics, services","to deal with your complaints, suggestions and other demands in a timely manner, the customer service provider needs to use your account and relevant information of the events involved to understand, handle and respond to relevant issues in a timely manner."
account information,we,"security, services, analytics","c. We may use your account information, device information, service logs and other information that our affiliates and partners may seek from you with your authorization or according to law, for the purpose of maintaining the security of accounts and transactions, conducting identity verification, identifying violations, detecting and preventing security incidents."
app installation status,UNSPECIFIED_ACTOR,services,"When you log in with a Feishu account on a third-party product or service, or bind a Feishu account with another third-party or related party account, such applications or services will use your name, profile photo, app installation status, device information, the order information for purchasing third-party products and other information as authorized by you."
application,we,"security, services, analytics","b. To prevent malicious programs and maintain the operation quality and efficiency, we will collect the information of the Feishu application you installed (such as version, language, source, etc.), application-in-process, usage and frequency, application crash and performance data."
avatar,we,"security, services, analytics",We need to locally process the names and avatars from the address book in the client for local display purpose only.
bluetooth information,feishu,services,"In WiFi or Bluetooth clock-in mode, Feishu also needs to obtain your WiFi access point, Bluetooth information respectively to help you clock in."
communication call record with we,we,"security, services, analytics","Therefore, we will record your contact information, feedback problems or suggestions, your communication/call records with us and related contents (including account information, work order information, the information you provided when you contacted customer service, the feedback you sent on the questionnaire, other information you provide to prove relevant facts, or other contact information you leave), so that we can further contact you and give you feedback on our processing progress."
cookie / pixel tag,we,"security, services, analytics","2.1 To improve your experience using the Service, we use Cookies and other similar technologies."
cookies,we,"security, services, analytics",We use Cookies and similar technologies mainly to facilitate the following functions or services:
corresponding recording file,feishu,services,"1.5.4 When the recording function for audio and video conferences is activated, Feishu will store the corresponding recording files and the transcripts of the contents by Feishu Minutes."
device identifier,we,"security, services, analytics","To maintain a safe operation, quality and efficiency of software and services, we will collect the following information from you: hardware model, operating system version number, device identifiers (For Android devices: such as IMEI, AndroidID, OAID, IMSI, SIM card information (such as ICCID), GAID, MEID."
device information,UNSPECIFIED_ACTOR,services,"When you log in with a Feishu account on a third-party product or service, or bind a Feishu account with another third-party or related party account, such applications or services will use your name, profile photo, app installation status, device information, the order information for purchasing third-party products and other information as authorized by you."
device information,we,"security, services, analytics","c. We may use your account information, device information, service logs and other information that our affiliates and partners may seek from you with your authorization or according to law, for the purpose of maintaining the security of accounts and transactions, conducting identity verification, identifying violations, detecting and preventing security incidents."
device time zone,feishu,services,"1.2.12 In the process of instant communication, if you and the other party are not in the same time zone and your local time is between 22:00 p.m. and 08:00 a.m., to help the other party understand your local time, as to reasonably arrange work communication and avoid unnecessary interference, Feishu needs to use your device time zone so as to show the other party your local time."
distance sensor,feishu,services,"1.2.11 When you play voice, to help you determine whether to turn on the handset mode, Feishu may need to use the distance sensor."
facial feature information,we,"security, services, analytics","We will retain your facial photos and facial feature information based the Customer's instruction, and we will not provide relevant data to third parties."
facial information,we,"security, services, analytics","In the scenario of face recognition, we will process your facial information in accordance with the Chinese """
facial photo,we,"security, services, analytics","We will retain your facial photos and facial feature information based the Customer's instruction, and we will not provide relevant data to third parties."
feedback,feishu,services,"Feishu collects your feedback, related the Input Content and the Output Content to improve the functionality of the Service."
hardware model,we,"security, services, analytics","To maintain a safe operation, quality and efficiency of software and services, we will collect the following information from you: hardware model, operating system version number, device identifiers (For Android devices: such as IMEI, AndroidID, OAID, IMSI, SIM card information (such as ICCID), GAID, MEID."
information relate to permission,we,"security, services, analytics","After withdrawing the authorization, we will no longer collect information related to such permission."
internet activity,customer administrator,,"If you are an Authorized User, the Customer Administrator may provide some Customer usage data to those service providers so that you will be able to use those products or services."
internet activity,feishu,services,"If you are an Authorized User, the aforementioned AI services are activated and used at the discretion of the Customer, and Feishu will process your usage data according to the Customer's instructions."
internet activity,service provider,,"If you are an Authorized User, the Customer Administrator may provide some Customer usage data to those service providers so that you will be able to use those products or services."
log record,we,"security, services, analytics","1.8.1 When you use the search feature, we will collect your search keyword information and log records so as to show you the content of search results and search history."
mobile acceleration sensor,we,"security, services, analytics","Additionally, we may use the mobile acceleration sensor to identify the distance and angle between the device and you, to help you complete the recognition quickly and accurately."
mobile phone distance sensor,feishu,"services, security","1.5.6 When you use the mobile phone for a video conference, Feishu may need to use the mobile phone distance sensor to control the information screen, so as to help you avoid touching the screen by mistake."
mobile phone model,Xiaomi,services,"In order to enable the message push feature to the terminal device you are using, terminal equipment manufacturers (Huawei, Xiaomi, OPPO, VIVO, etc.) may use your mobile phone model, version and relevant device information through SDK and other technologies."
mobile phone model,huawei,services,"In order to enable the message push feature to the terminal device you are using, terminal equipment manufacturers (Huawei, Xiaomi, OPPO, VIVO, etc.) may use your mobile phone model, version and relevant device information through SDK and other technologies."
mobile phone model,oppo,services,"In order to enable the message push feature to the terminal device you are using, terminal equipment manufacturers (Huawei, Xiaomi, OPPO, VIVO, etc.) may use your mobile phone model, version and relevant device information through SDK and other technologies."
mobile phone model,terminal equipment manufacturer,services,"In order to enable the message push feature to the terminal device you are using, terminal equipment manufacturers (Huawei, Xiaomi, OPPO, VIVO, etc.) may use your mobile phone model, version and relevant device information through SDK and other technologies."
mobile phone model,vivo,services,"In order to enable the message push feature to the terminal device you are using, terminal equipment manufacturers (Huawei, Xiaomi, OPPO, VIVO, etc.) may use your mobile phone model, version and relevant device information through SDK and other technologies."
necessary information of service,we,"security, services, analytics",We will provide the necessary information of the service or the products serving you according to your authorization.
necessary information use,we,"security, services, analytics","In order to maintain the normal operation of our services and protect the legitimate interests of you or other users or the public from losses, we will collect the necessary information used to maintain the safe and stable operation of our products or services:"
necessary personal information,UNSPECIFIED_ACTOR,services,"To realize the collaborating capability among the associated organizations, your organization will provide external collaborating organizations with your necessary personal information and data generated during work collaboration, and relevant information may be stored and accessed cross borders according to different collaborating counterparties."
necessary personal information,external collaborate organization,services,"To realize the collaborating capability among the associated organizations, your organization will provide external collaborating organizations with your necessary personal information and data generated during work collaboration, and relevant information may be stored and accessed cross borders according to different collaborating counterparties."
not software installation list information,feishu,"services, security","Feishu, as instructed by the Customer, will only obtain the results of whether there is such a cheating software, not your software installation list information, nor will it upload your software installation list to the Feishu server."
operating system version number,we,"security, services, analytics","To maintain a safe operation, quality and efficiency of software and services, we will collect the following information from you: hardware model, operating system version number, device identifiers (For Android devices: such as IMEI, AndroidID, OAID, IMSI, SIM card information (such as ICCID), GAID, MEID."
order information,relevant product provider,,"At the same time, based on your payment or purchase behavior, relevant product or service providers need to use your order information so that you can query relevant orders."
order information for,UNSPECIFIED_ACTOR,services,"When you log in with a Feishu account on a third-party product or service, or bind a Feishu account with another third-party or related party account, such applications or services will use your name, profile photo, app installation status, device information, the order information for purchasing third-party products and other information as authorized by you."
person name,UNSPECIFIED_ACTOR,services,"When you log in with a Feishu account on a third-party product or service, or bind a Feishu account with another third-party or related party account, such applications or services will use your name, profile photo, app installation status, device information, the order information for purchasing third-party products and other information as authorized by you."
person name,authorize organization,security,We may submit the real-name verification information you provide to competent departments or their legally authorized organization to verify the authenticity and accuracy of the information.
person name,competent department,security,We may submit the real-name verification information you provide to competent departments or their legally authorized organization to verify the authenticity and accuracy of the information.
person name,cooperative party,,"When you choose to participate in marketing activities organized by us and our affiliates or third parties, to provide you with consistent services in joint activities, or to send you cash rewards offered by our entrust cooperative parties in time, we and our cooperative parties may need your name, mailing address, contact information and other information."
person name,third party payment entity,,"Third-party payment entities may need to use your name,"
person name,we,"security, services, analytics","We may submit the real-name verification information you provide to competent departments or their legally authorized organization to verify the authenticity and accuracy of the information.
We need to locally process the names and avatars from the address book in the client for local display purpose only.
When you choose to participate in marketing activities organized by us and our affiliates or third parties, to provide you with consistent services in joint activities, or to send you cash rewards offered by our entrust cooperative parties in time, we and our cooperative parties may need your name, mailing address, contact information and other information."
personal information,UNSPECIFIED_ACTOR,services,"a. When you use the products and services in the Feishu open platform or the products and services of other third parties, these products and services may use the relevant system permissions authorized by you, or you may be required to submit personal information according to the features of these products and services."
personal information,feishu,"services, security","In order to provide the Service for you and every Customer, meet Customer's needs of working collaboration and management, maintain the normal and safe operation of the Service, and optimize the functional experience of the Service, Feishu will collect the personal information you provide or authorize any other party to provide when registering an account and using the Service, as well as that generated during your use of the Service, according to the following purposes and methods:"
personal information,we,"security, services, analytics","4.2.1 During your use of the Service, we will continue to retain your personal information, and the storage period will not exceed the period necessary to provide the service.
As our business develops, we may carry out mergers, acquisitions and asset transfers, and your personal information may be transferred accordingly.
How the Service Collects and Use Personal Information"
personal information need,we,"security, services, analytics",", the Customer will provide us with the personal information needed to enable the features and the Service, we will process this information based on the Customer's instructions, including but not limited to your account name, name, corporate email, phone number, work location, job title, rank, organizational relationship and other information, and the Customer will update such information from time to time according to the actual situation."
postal address,cooperative party,,"When you choose to participate in marketing activities organized by us and our affiliates or third parties, to provide you with consistent services in joint activities, or to send you cash rewards offered by our entrust cooperative parties in time, we and our cooperative parties may need your name, mailing address, contact information and other information."
postal address,we,"security, services, analytics","When you choose to participate in marketing activities organized by us and our affiliates or third parties, to provide you with consistent services in joint activities, or to send you cash rewards offered by our entrust cooperative parties in time, we and our cooperative parties may need your name, mailing address, contact information and other information."
precise geolocation,feishu,"services, security","1.9.2 If the Customer Administrator activates the GPS, WiFi or Bluetooth clock-in mode, Feishu, as instructed by the Customer, will obtain your GPS location information."
profile photo,UNSPECIFIED_ACTOR,services,"When you log in with a Feishu account on a third-party product or service, or bind a Feishu account with another third-party or related party account, such applications or services will use your name, profile photo, app installation status, device information, the order information for purchasing third-party products and other information as authorized by you."
relevant device information,Xiaomi,services,"In order to enable the message push feature to the terminal device you are using, terminal equipment manufacturers (Huawei, Xiaomi, OPPO, VIVO, etc.) may use your mobile phone model, version and relevant device information through SDK and other technologies."
relevant device information,huawei,services,"In order to enable the message push feature to the terminal device you are using, terminal equipment manufacturers (Huawei, Xiaomi, OPPO, VIVO, etc.) may use your mobile phone model, version and relevant device information through SDK and other technologies."
relevant device information,oppo,services,"In order to enable the message push feature to the terminal device you are using, terminal equipment manufacturers (Huawei, Xiaomi, OPPO, VIVO, etc.) may use your mobile phone model, version and relevant device information through SDK and other technologies."
relevant device information,terminal equipment manufacturer,services,"In order to enable the message push feature to the terminal device you are using, terminal equipment manufacturers (Huawei, Xiaomi, OPPO, VIVO, etc.) may use your mobile phone model, version and relevant device information through SDK and other technologies."
relevant device information,vivo,services,"In order to enable the message push feature to the terminal device you are using, terminal equipment manufacturers (Huawei, Xiaomi, OPPO, VIVO, etc.) may use your mobile phone model, version and relevant device information through SDK and other technologies."
relevant information necessary,we,"security, services, analytics","When you turn on relevant features, use relevant services or there is a need to meet the requirements arising from Customer's management, we will collect relevant information necessary for such purposes."
relevant information of event involve,customer service provider,"analytics, services","to deal with your complaints, suggestions and other demands in a timely manner, the customer service provider needs to use your account and relevant information of the events involved to understand, handle and respond to relevant issues in a timely manner."
relevant system permission authorize,UNSPECIFIED_ACTOR,services,"a. When you use the products and services in the Feishu open platform or the products and services of other third parties, these products and services may use the relevant system permissions authorized by you, or you may be required to submit personal information according to the features of these products and services."
report,we,"security, services, analytics","If necessary, we will review and analyze the reports to help you resolve the related issues."
router ssid,feishu,"services, security","In WiFi or Bluetooth clock-in mode, Feishu also needs to obtain your WiFi access point, Bluetooth information respectively to help you clock in."
search keyword information,we,"security, services, analytics","1.8.1 When you use the search feature, we will collect your search keyword information and log records so as to show you the content of search results and search history."
service log,we,"security, services, analytics","c. We may use your account information, device information, service logs and other information that our affiliates and partners may seek from you with your authorization or according to law, for the purpose of maintaining the security of accounts and transactions, conducting identity verification, identifying violations, detecting and preventing security incidents."
text in picture,we,"security, services, analytics","1.8.2 For the purpose of helping you quickly search the desired pictures exiting in the earlier Feishu chat, we will process the texts in pictures if such were in a chat in Feishu group through the programmed algorithm."
time zone information of device,feishu,"services, security","1.3.2 When participants are not in the same time zone, Feishu needs to use the time zone information of your device to show your local time, so that the meeting coordinator can arrange the appropriate meeting time."
transaction information,feishu,"services, security","1.7.6 When you use the digital red packets or activate or purchase applications from us or through Feishu's open platform, Feishu will obtain your transaction and order information so as to show you relevant records and manage your order."
verification result,feishu,"services, security",Feishu only receives the verification results without collecting your fingerprint or face information itself.
version,Xiaomi,services,"In order to enable the message push feature to the terminal device you are using, terminal equipment manufacturers (Huawei, Xiaomi, OPPO, VIVO, etc.) may use your mobile phone model, version and relevant device information through SDK and other technologies."
version,huawei,services,"In order to enable the message push feature to the terminal device you are using, terminal equipment manufacturers (Huawei, Xiaomi, OPPO, VIVO, etc.) may use your mobile phone model, version and relevant device information through SDK and other technologies."
version,oppo,services,"In order to enable the message push feature to the terminal device you are using, terminal equipment manufacturers (Huawei, Xiaomi, OPPO, VIVO, etc.) may use your mobile phone model, version and relevant device information through SDK and other technologies."
version,terminal equipment manufacturer,services,"In order to enable the message push feature to the terminal device you are using, terminal equipment manufacturers (Huawei, Xiaomi, OPPO, VIVO, etc.) may use your mobile phone model, version and relevant device information through SDK and other technologies."
version,vivo,services,"In order to enable the message push feature to the terminal device you are using, terminal equipment manufacturers (Huawei, Xiaomi, OPPO, VIVO, etc.) may use your mobile phone model, version and relevant device information through SDK and other technologies."
