data_type,collector,purpose,text
UNSPECIFIED_DATA,we,"analytics, services","These cookies are used to collect information about how you interact with our website and allow us to remember you.
We use this information in order to improve and customize your browsing experience and for analytics and metrics about our visitors both on this website and other media."
contact information,we,"analytics, services","While using our Website or Services, we may ask you to provide us with certain personally identifiable information that can be used to contact or identify you (""Personal Information"")."
cookie / pixel tag,we,"analytics, services","Our Website or Services may use cookies and similar technologies to enhance the user experience.
This website uses cookies"
information browser send,we,"analytics, services","Like many website and service operators, we collect information that your browser or applications sends whenever you visit our Website or Services."
personal identifier,we,"analytics, services","While using our Website or Services, we may ask you to provide us with certain personally identifiable information that can be used to contact or identify you (""Personal Information"")."
personal information,HubSpot,,"HubSpot may collect and process Personal Information on our behalf, as outlined in their privacy policy."
personal information,we,"analytics, services","If you exercise this right, we will no longer process your Personal Information unless we can demonstrate compelling legitimate grounds for the processing that override your interests, rights, and freedoms or for the establishment, exercise, or defence of legal claims.
We collect Personal Data from you when you submit web forms or interact with our website, for example by subscribing to the Freespace Index, subscribing to one of our services or requesting customer support."
personal information collect from you,we,"analytics, services","We may use the Personal Information collected from you for various purposes, including but not limited to:"
relevant information,we,"analytics, services","If you would like assistance in identifying the appropriate supervisory authority, please contact us, and we will provide you with the relevant information."
