data_type,collector,purpose,text
UNSPECIFIED_DATA,we,services,"3. Information Collection and Use

As our Customer we collect data from you when YOU;
As a member of Glorri Talent Network we collect data from you when YOU;
If you are a California resident, you are entitled to learn what data we collect about you, ask to delete your data and not to sell (share) it.
We may collect your data by monitoring your activity on Glorri or by contacting with Analytics Service Providers (to analyze your experience with our Services, and provide you with first-class customer services) and Advertising Service Providers (to deliver high level marketing or promotional services).
We may disclose your information also:
We store your data in servers located in EU on the following address:
We use your data to provide and improve Service.
While using our Service, we may also collect the following information: sex, age, date of birth, place of birth, passport details, citizenship, registration at place of residence and actual address, telephone number (work, mobile), details of documents on education, qualification, professional training, employment agreements, information on bonuses and compensation, information on marital status, social security (or other taxpayer identification) number, office location and other data."
actual address,we,services,"While using our Service, we may also collect the following information: sex, age, date of birth, place of birth, passport details, citizenship, registration at place of residence and actual address, telephone number (work, mobile), details of documents on education, qualification, professional training, employment agreements, information on bonuses and compensation, information on marital status, social security (or other taxpayer identification) number, office location and other data."
age,we,services,"While using our Service, we may also collect the following information: sex, age, date of birth, place of birth, passport details, citizenship, registration at place of residence and actual address, telephone number (work, mobile), details of documents on education, qualification, professional training, employment agreements, information on bonuses and compensation, information on marital status, social security (or other taxpayer identification) number, office location and other data."
citizenship,we,services,"While using our Service, we may also collect the following information: sex, age, date of birth, place of birth, passport details, citizenship, registration at place of residence and actual address, telephone number (work, mobile), details of documents on education, qualification, professional training, employment agreements, information on bonuses and compensation, information on marital status, social security (or other taxpayer identification) number, office location and other data."
collect datum,glorri inc,,"GLORRI, INC. uses the collected data for various purposes:"
contact information,we,services,"While using our Service, we may ask you to provide us with certain personally identifiable information that can be used to contact or identify you ( ""Personal Data"" )."
credit / debit card number,third party payment processor govern,,"That information is provided directly to our third-party payment processors whose use of your personal information is governed by their Privacy Policy.
We will not store or collect your payment card details."
date of birth,we,"services, advertising, security","While using our Service, we may also collect the following information: sex, age, date of birth, place of birth, passport details, citizenship, registration at place of residence and actual address, telephone number (work, mobile), details of documents on education, qualification, professional training, employment agreements, information on bonuses and compensation, information on marital status, social security (or other taxpayer identification) number, office location and other data."
detail of document on education,we,"services, advertising, security","While using our Service, we may also collect the following information: sex, age, date of birth, place of birth, passport details, citizenship, registration at place of residence and actual address, telephone number (work, mobile), details of documents on education, qualification, professional training, employment agreements, information on bonuses and compensation, information on marital status, social security (or other taxpayer identification) number, office location and other data."
gender,we,"services, advertising, security","While using our Service, we may also collect the following information: sex, age, date of birth, place of birth, passport details, citizenship, registration at place of residence and actual address, telephone number (work, mobile), details of documents on education, qualification, professional training, employment agreements, information on bonuses and compensation, information on marital status, social security (or other taxpayer identification) number, office location and other data."
geolocation,we,"services, advertising, security","We may use and store information about your location if you give us permission to do so ( ""Location Data"" ).
We use this data to provide features of our Service, to improve and customize our Service.
While using our Service, we may also collect the following information: sex, age, date of birth, place of birth, passport details, citizenship, registration at place of residence and actual address, telephone number (work, mobile), details of documents on education, qualification, professional training, employment agreements, information on bonuses and compensation, information on marital status, social security (or other taxpayer identification) number, office location and other data."
information about you,we,"services, advertising, security",We may collect information about you from third parties or public sources as needed to support you matching with career opportunities.
information browser send,we,"services, advertising, security","We may also collect information that your browser sends whenever you visit our Service or when you access Service by or through any device ( ""Usage Data"" )."
information on bonus,we,"services, advertising, security","While using our Service, we may also collect the following information: sex, age, date of birth, place of birth, passport details, citizenship, registration at place of residence and actual address, telephone number (work, mobile), details of documents on education, qualification, professional training, employment agreements, information on bonuses and compensation, information on marital status, social security (or other taxpayer identification) number, office location and other data."
information on marital status,we,"services, advertising, security","While using our Service, we may also collect the following information: sex, age, date of birth, place of birth, passport details, citizenship, registration at place of residence and actual address, telephone number (work, mobile), details of documents on education, qualification, professional training, employment agreements, information on bonuses and compensation, information on marital status, social security (or other taxpayer identification) number, office location and other data."
information result from use of service,we,"services, advertising, security","Our Privacy Policy governs your visit to www.glorri.az and explains how we collect, safeguard and disclose information that results from your use of our Service."
passport number,we,"services, advertising, security, analytics","While using our Service, we may also collect the following information: sex, age, date of birth, place of birth, passport details, citizenship, registration at place of residence and actual address, telephone number (work, mobile), details of documents on education, qualification, professional training, employment agreements, information on bonuses and compensation, information on marital status, social security (or other taxpayer identification) number, office location and other data."
personal identifier,we,"services, advertising, security, analytics","While using our Service, we may ask you to provide us with certain personally identifiable information that can be used to contact or identify you ( ""Personal Data"" )."
personal information,UNSPECIFIED_ACTOR,"advertising, services","13. Service Providers

These third parties have access to your Personal Data only to perform these tasks on our behalf and are obligated not to disclose or use it for any other purpose."
personal information,eu,,"If you are located outside EU and choose to provide information to us, please note that we transfer the data, including Personal Data, to EU and process it there."
personal information,glorri,,"Glorri shall process personal data as a DATA PROCESSOR (as defined in the General Data Protection Regulation -""GDPR"" or ""Business"" as defined under the California Consumer Privacy Act of 2018 -""CCPA"") on behalf of its Customers, who use of one or more of our Services for the recruitment purposes."
personal information,we,"services, advertising, security, analytics","8. Disclosure of Data

Under certain circumstances, we may be required to disclose your Personal Data if required to do so by law or in response to valid requests by public authorities.
If you are located outside EU and choose to provide information to us, please note that we transfer the data, including Personal Data, to EU and process it there.
We may disclose personal information that we collect, or you provide:
We may use your Personal Data to contact you with newsletters, marketing or promotional materials and other information that may be of interest to you.
We will retain and use your Personal Data to the extent necessary to comply with our legal obligations (for example, if we are required to retain your data to comply with applicable laws), resolve disputes, and enforce our legal agreements and policies.
We will retain your Personal Data only for as long as is necessary for the purposes set out in this Privacy Policy.
When you apply to the job openings through our Service as an Unregistered User, we may process your Personal Data to offer you create a Candidate Account on Glorri Talent Network in order to match you with the perfect career opportunities.
While using our Service, we may ask you to provide us with certain personally identifiable information that can be used to contact or identify you ( ""Personal Data"" )."
phone number,we,"services, advertising, security, analytics","While using our Service, we may also collect the following information: sex, age, date of birth, place of birth, passport details, citizenship, registration at place of residence and actual address, telephone number (work, mobile), details of documents on education, qualification, professional training, employment agreements, information on bonuses and compensation, information on marital status, social security (or other taxpayer identification) number, office location and other data."
place of birth,we,"services, advertising, security, analytics","While using our Service, we may also collect the following information: sex, age, date of birth, place of birth, passport details, citizenship, registration at place of residence and actual address, telephone number (work, mobile), details of documents on education, qualification, professional training, employment agreements, information on bonuses and compensation, information on marital status, social security (or other taxpayer identification) number, office location and other data."
preference cookies,we,"services, advertising, security, analytics",We use Preference Cookies to remember your preferences and various settings.
processor,we,"services, advertising, security, analytics","As such, you (the Controller) stay in control while we (the Processor) handle the technical side."
registration at place of residence,we,"services, advertising, security, analytics","While using our Service, we may also collect the following information: sex, age, date of birth, place of birth, passport details, citizenship, registration at place of residence and actual address, telephone number (work, mobile), details of documents on education, qualification, professional training, employment agreements, information on bonuses and compensation, information on marital status, social security (or other taxpayer identification) number, office location and other data."
session cookies,we,"services, advertising, security, analytics",We use Session Cookies to operate our Service.
ssn,we,"services, advertising, security, analytics","While using our Service, we may also collect the following information: sex, age, date of birth, place of birth, passport details, citizenship, registration at place of residence and actual address, telephone number (work, mobile), details of documents on education, qualification, professional training, employment agreements, information on bonuses and compensation, information on marital status, social security (or other taxpayer identification) number, office location and other data."
