data_type,collector,purpose,text
UNSPECIFIED_DATA,UNSPECIFIED_ACTOR,,Third parties with whom we partner to provide certain features on our Websites use LSOs such as HTML5 and Flash to collect and store information.
UNSPECIFIED_DATA,we,"advertising, analytics, security, services","By authorizing us to connect with a third party service, you authorize us to access and store your name, email address(es), current city, profile picture URL, and other Personal Information that the third party service makes available to us, and to use and disclose it in accordance with this Policy.
For example, we may have access to certain information from a third party authentication service if you log into our Services through such a service or otherwise provide us with access to information from the service.
If you use a feature of the Services that allows for recordings, we collect and store information from you that you provide in connection with such use and through such recordings, to the extent you provide it to us.
This means that we process your information for things like: Enabling you to access and use the Services; processing transactions, and sending you related information; providing customer service and support; personalizing the Websites and Services.
This means that we process your information for things like: Providing, operating; maintaining, and improving our Services; enabling you to access and use the Services; promoting the Services; sending promotional communications, monitoring and analyzing trends, usage, and activities in connection with the Websites and Services; investigating and preventing fraudulent transactions, unauthorized access to the Services, and other illegal activities; (i) personalizing the Websites and Services.
Upon request, we will provide you with information about whether we hold and otherwise process, or process on behalf of a third party, any of your Personal Information.
We process your data to provide a service you've asked for under the Service Contract or other contract between you and us.
We process your information for our legitimate interests and those of third parties.
We process your information for the purposes described in this Policy, based on the following legal grounds:
We'll process your data when we have a legal obligation to do so, for example, if we're responding to legal process or an enforceable governmental request."
account,UNSPECIFIED_ACTOR,,"We may assign or transfer this Policy, as well as your account and related information and data, including any Personal Information, to any person or entity that acquires all or substantially all of our business, stock or assets, or with whom we merge."
account,we,"advertising, analytics, security, services","We may assign or transfer this Policy, as well as your account and related information and data, including any Personal Information, to any person or entity that acquires all or substantially all of our business, stock or assets, or with whom we merge."
aggregate / deidentified / pseudonymized information,analytic provider,,We may also share anonymous data about your actions on our Websites with third-party service providers of analytics services.
aggregate / deidentified / pseudonymized information,we,"advertising, analytics, security, services",We may also share anonymous data about your actions on our Websites with third-party service providers of analytics services.
analytic information,we,"advertising, analytics, security, services",We collect analytics information when you use the Websites to help us improve them.
asset,we,"advertising, analytics, security, services, legal","We may assign or transfer this Policy, as well as your account and related information and data, including any Personal Information, to any person or entity that acquires all or substantially all of our business, stock or assets, or with whom we merge."
browser type,we,"advertising, analytics, security, services","As is true with most websites and services delivered over the Internet, we gather certain information and store it in log files when you interact with our Websites and Services.
This information includes internet protocol (IP) addresses as well as browser type, internet service provider, URLs of referring/exit pages, operating system, date/time stamp, information you search for, locale and language preferences, identification numbers associated with your devices, your mobile carrier, and system configuration information."
browser type,we,"advertising, analytics, security, services, legal","As is true with most websites and services delivered over the Internet, we gather certain information and store it in log files when you interact with our Websites and Services.
This information includes internet protocol (IP) addresses as well as browser type, internet service provider, URLs of referring/exit pages, operating system, date/time stamp, information you search for, locale and language preferences, identification numbers associated with your devices, your mobile carrier, and system configuration information."
client version,we,"advertising, analytics, security, services","We may collect, the following categories of Personal Data about you when you use or otherwise interact with our Service: Our servers automatically record certain information when you use the Service, including your IP address, operating system type and version, client version, IP addresses along the network path, and the MAC address of your internet connection."
cookie / pixel tag,authorized partner,,We and our authorized partners use cookies and other information gathering technologies for a variety of purposes.
cookie / pixel tag,we,"advertising, analytics, security, services",We and our authorized partners use cookies and other information gathering technologies for a variety of purposes.
cookie / pixel tag,we,"advertising, analytics, security, services, legal",We and our authorized partners use cookies and other information gathering technologies for a variety of purposes.
credit / debit card number,we,"advertising, analytics, security, services","Our Privacy Policy

We may collect, the following categories of Personal Data about you when you use or otherwise interact with our Service: Credit/debit card information"
credit / debit card number,we,"advertising, analytics, security, services, legal","Our Privacy Policy

We may collect, the following categories of Personal Data about you when you use or otherwise interact with our Service: Credit/debit card information"
current city,we,"advertising, analytics, security, services","By authorizing us to connect with a third party service, you authorize us to access and store your name, email address(es), current city, profile picture URL, and other Personal Information that the third party service makes available to us, and to use and disclose it in accordance with this Policy."
date time stamp,we,"advertising, analytics, security, services","As is true with most websites and services delivered over the Internet, we gather certain information and store it in log files when you interact with our Websites and Services.
This information includes internet protocol (IP) addresses as well as browser type, internet service provider, URLs of referring/exit pages, operating system, date/time stamp, information you search for, locale and language preferences, identification numbers associated with your devices, your mobile carrier, and system configuration information."
date time stamp,we,"advertising, analytics, security, services, legal","As is true with most websites and services delivered over the Internet, we gather certain information and store it in log files when you interact with our Websites and Services.
This information includes internet protocol (IP) addresses as well as browser type, internet service provider, URLs of referring/exit pages, operating system, date/time stamp, information you search for, locale and language preferences, identification numbers associated with your devices, your mobile carrier, and system configuration information."
device identifier,we,"advertising, analytics, security, services","Our Privacy Policy

We may collect, the following categories of Personal Data about you when you use or otherwise interact with our Service: Device identifiers"
device identifier,we,"advertising, analytics, security, services, legal","Our Privacy Policy

We may collect, the following categories of Personal Data about you when you use or otherwise interact with our Service: Device identifiers"
email address,we,"advertising, analytics, security, services","By authorizing us to connect with a third party service, you authorize us to access and store your name, email address(es), current city, profile picture URL, and other Personal Information that the third party service makes available to us, and to use and disclose it in accordance with this Policy.
Our Privacy Policy

We may collect, the following categories of Personal Data about you when you use or otherwise interact with our Service: Email address"
email address,we,"advertising, analytics, security, services, legal","By authorizing us to connect with a third party service, you authorize us to access and store your name, email address(es), current city, profile picture URL, and other Personal Information that the third party service makes available to us, and to use and disclose it in accordance with this Policy.
Our Privacy Policy

We may collect, the following categories of Personal Data about you when you use or otherwise interact with our Service: Email address"
identification number associate with device,we,"advertising, analytics, security, services","As is true with most websites and services delivered over the Internet, we gather certain information and store it in log files when you interact with our Websites and Services.
This information includes internet protocol (IP) addresses as well as browser type, internet service provider, URLs of referring/exit pages, operating system, date/time stamp, information you search for, locale and language preferences, identification numbers associated with your devices, your mobile carrier, and system configuration information."
information about device you utilize,gather technology,,"These technologies may provide us with Personal Information, information about devices and networks you utilize to access our Websites, and other information regarding your interactions with our Websites.
We and our authorized partners use cookies and other information gathering technologies for a variety of purposes."
information about device you utilize,we,"advertising, analytics, security, services","These technologies may provide us with Personal Information, information about devices and networks you utilize to access our Websites, and other information regarding your interactions with our Websites."
information regard interaction with website,gather technology,,"These technologies may provide us with Personal Information, information about devices and networks you utilize to access our Websites, and other information regarding your interactions with our Websites.
We and our authorized partners use cookies and other information gathering technologies for a variety of purposes."
information regard interaction with website,we,"advertising, analytics, security, services","These technologies may provide us with Personal Information, information about devices and networks you utilize to access our Websites, and other information regarding your interactions with our Websites."
information you search for,we,"advertising, analytics, security, services","As is true with most websites and services delivered over the Internet, we gather certain information and store it in log files when you interact with our Websites and Services.
This information includes internet protocol (IP) addresses as well as browser type, internet service provider, URLs of referring/exit pages, operating system, date/time stamp, information you search for, locale and language preferences, identification numbers associated with your devices, your mobile carrier, and system configuration information."
ip address,social media,,"The Websites include social media features, such as the Facebook Like button, and widgets, such as the Share This button or interactive mini-programs that run on our Websites.
These features may collect your Internet protocol address, which page you are visiting on the Websites, and may set a cookie to enable the feature to function properly."
ip address,we,"advertising, analytics, security, services","As is true with most websites and services delivered over the Internet, we gather certain information and store it in log files when you interact with our Websites and Services.
Our Privacy Policy

We may collect, the following categories of Personal Data about you when you use or otherwise interact with our Service:
This information includes internet protocol (IP) addresses as well as browser type, internet service provider, URLs of referring/exit pages, operating system, date/time stamp, information you search for, locale and language preferences, identification numbers associated with your devices, your mobile carrier, and system configuration information.
We may collect, the following categories of Personal Data about you when you use or otherwise interact with our Service: IP addresses and other information collected passively such as cookies and tracking technologies (further described below), browser type, Internet service provider (ISP), referring/exit pages, the files viewed on our site (e.g., HTML pages, graphics, etc.), operating system, date/time stamp, and/or clickstream data to analyze trends in the aggregate and administer the website and/or Products.
We may collect, the following categories of Personal Data about you when you use or otherwise interact with our Service: Our servers automatically record certain information when you use the Service, including your IP address, operating system type and version, client version, IP addresses along the network path, and the MAC address of your internet connection."
ip address,we,"advertising, analytics, security, services, legal","As is true with most websites and services delivered over the Internet, we gather certain information and store it in log files when you interact with our Websites and Services.
Our Privacy Policy

We may collect, the following categories of Personal Data about you when you use or otherwise interact with our Service:
This information includes internet protocol (IP) addresses as well as browser type, internet service provider, URLs of referring/exit pages, operating system, date/time stamp, information you search for, locale and language preferences, identification numbers associated with your devices, your mobile carrier, and system configuration information.
We may collect, the following categories of Personal Data about you when you use or otherwise interact with our Service: IP addresses and other information collected passively such as cookies and tracking technologies (further described below), browser type, Internet service provider (ISP), referring/exit pages, the files viewed on our site (e.g., HTML pages, graphics, etc.), operating system, date/time stamp, and/or clickstream data to analyze trends in the aggregate and administer the website and/or Products.
We may collect, the following categories of Personal Data about you when you use or otherwise interact with our Service: Our servers automatically record certain information when you use the Service, including your IP address, operating system type and version, client version, IP addresses along the network path, and the MAC address of your internet connection."
locale preference,we,"advertising, analytics, security, services","As is true with most websites and services delivered over the Internet, we gather certain information and store it in log files when you interact with our Websites and Services.
This information includes internet protocol (IP) addresses as well as browser type, internet service provider, URLs of referring/exit pages, operating system, date/time stamp, information you search for, locale and language preferences, identification numbers associated with your devices, your mobile carrier, and system configuration information."
mac address,we,"advertising, analytics, security, services","We may collect, the following categories of Personal Data about you when you use or otherwise interact with our Service: Our servers automatically record certain information when you use the Service, including your IP address, operating system type and version, client version, IP addresses along the network path, and the MAC address of your internet connection."
operating system type,we,"advertising, analytics, security, services","We may collect, the following categories of Personal Data about you when you use or otherwise interact with our Service: Our servers automatically record certain information when you use the Service, including your IP address, operating system type and version, client version, IP addresses along the network path, and the MAC address of your internet connection."
person name,we,"advertising, analytics, security, services","By authorizing us to connect with a third party service, you authorize us to access and store your name, email address(es), current city, profile picture URL, and other Personal Information that the third party service makes available to us, and to use and disclose it in accordance with this Policy.
Our Privacy Policy

We may collect, the following categories of Personal Data about you when you use or otherwise interact with our Service: Name"
person name,we,"advertising, analytics, security, services, legal","By authorizing us to connect with a third party service, you authorize us to access and store your name, email address(es), current city, profile picture URL, and other Personal Information that the third party service makes available to us, and to use and disclose it in accordance with this Policy.
Our Privacy Policy

We may collect, the following categories of Personal Data about you when you use or otherwise interact with our Service: Name"
personal information third party service make,we,"advertising, analytics, security, services, legal","By authorizing us to connect with a third party service, you authorize us to access and store your name, email address(es), current city, profile picture URL, and other Personal Information that the third party service makes available to us, and to use and disclose it in accordance with this Policy."
personal information we store,we,"advertising, analytics, security, services, legal","We will retain Personal Information that we store and process on behalf of our Subscribers for as long as needed to provide the Services to our Subscribers.
We will retain and use this Personal Information as necessary to comply with our legal obligations, resolve disputes, and enforce our agreements."
postal address,we,"advertising, analytics, security, services","As is true with most websites and services delivered over the Internet, we gather certain information and store it in log files when you interact with our Websites and Services.
This information includes internet protocol (IP) addresses as well as browser type, internet service provider, URLs of referring/exit pages, operating system, date/time stamp, information you search for, locale and language preferences, identification numbers associated with your devices, your mobile carrier, and system configuration information."
postal address,we,"advertising, analytics, security, services, legal","As is true with most websites and services delivered over the Internet, we gather certain information and store it in log files when you interact with our Websites and Services.
This information includes internet protocol (IP) addresses as well as browser type, internet service provider, URLs of referring/exit pages, operating system, date/time stamp, information you search for, locale and language preferences, identification numbers associated with your devices, your mobile carrier, and system configuration information."
profile picture url,we,"advertising, analytics, security, services, legal","By authorizing us to connect with a third party service, you authorize us to access and store your name, email address(es), current city, profile picture URL, and other Personal Information that the third party service makes available to us, and to use and disclose it in accordance with this Policy."
report base on use of technology by third party service provider on individual basis,we,"advertising, analytics, security, services, legal",We may receive reports based on the use of these technologies by our third-party service providers on an individual and aggregated basis.
stock,we,"advertising, analytics, security, services, legal","We may assign or transfer this Policy, as well as your account and related information and data, including any Personal Information, to any person or entity that acquires all or substantially all of our business, stock or assets, or with whom we merge."
system configuration information,we,"advertising, analytics, security, services, legal","As is true with most websites and services delivered over the Internet, we gather certain information and store it in log files when you interact with our Websites and Services.
This information includes internet protocol (IP) addresses as well as browser type, internet service provider, URLs of referring/exit pages, operating system, date/time stamp, information you search for, locale and language preferences, identification numbers associated with your devices, your mobile carrier, and system configuration information."
url,we,"advertising, analytics, security, services, legal","As is true with most websites and services delivered over the Internet, we gather certain information and store it in log files when you interact with our Websites and Services.
This information includes internet protocol (IP) addresses as well as browser type, internet service provider, URLs of referring/exit pages, operating system, date/time stamp, information you search for, locale and language preferences, identification numbers associated with your devices, your mobile carrier, and system configuration information."
usage information,we,"advertising, analytics, security, services, legal","We may collect, the following categories of Personal Data about you when you use or otherwise interact with our Service: We also automatically record information about your usage of the Service, including actions taken, date and time, frequency, duration, quantity, quality, network connectivity, and performance information related to logins, clicks, messages, contacts, content shared, calls, use of video and screen sharing, meetings, cloud recording, and other feature usage information (""Usage Information"")"
version,we,"advertising, analytics, security, services, legal","We may collect, the following categories of Personal Data about you when you use or otherwise interact with our Service: Our servers automatically record certain information when you use the Service, including your IP address, operating system type and version, client version, IP addresses along the network path, and the MAC address of your internet connection."
