data_type,collector,purpose,text
cloudfare,cdn service,security,The cookie is used by cdn services like CloudFare to identify individual clients behind a shared IP address and apply security settings on a per-client basis.
cookie / pixel tag,cdn service,security,The cookie is used by cdn services like CloudFare to identify individual clients behind a shared IP address and apply security settings on a per-client basis.
cookie / pixel tag,we,services,"This website uses cookies that help the website to function and also to track how you interact with our website.
This website uses cookies to improve your experience while you navigate through the website.
We also use third-party cookies that help us analyze and understand how you use this website, to store user preferences and provide them with content and advertisements that are relevant to you."
