data_type,collector,purpose,text
gtm buddy inc.,we,,"This privacy policy ("" Policy "") explains how GTM Buddy Inc. ("" We "", "" Us "", "" Our "") and its affiliates and subsidiaries Processes data collected from natural persons as specified in Clause 2 below ("" You "", "" Your ""), as a Controller."
personal data collect,we,,"We retain Personal Data collected where an ongoing legitimate business requires retention of such Personal Data such as to defend or pursue legal claims, to fulfil any surviving obligations arising from a contract, to provide You with information regarding Our products or Services, or to comply with any legal, tax or accounting requirements."
personal information,UNSPECIFIED_ACTOR,,"We have disclosed the categories of Personal Information listed in clause 8.2 above for a Business in the twelve (12) months prior to the Effective Date and may disclose such Personal Information to service providers or contractors or to any other third parties who support Our business.
We have disclosed the categories of Personal Information listed in the ""How We Collect, Use and Share Your Personal Data"" section above for a Business Purpose in the twelve (12) months prior to the Effective Date and may disclose such Personal Information to service providers or contractors or to any other third parties who support Our business provided (a) they do not Sell or Share such Personal Information or (b) retain, use or disclose such information for any purpose other than for the specific purpose of performing the services specified in Our contract with them or (c) combine such information with any other information received directly by them."
personal information,contractor,,"We have disclosed the categories of Personal Information listed in clause 8.2 above for a Business in the twelve (12) months prior to the Effective Date and may disclose such Personal Information to service providers or contractors or to any other third parties who support Our business.
We have disclosed the categories of Personal Information listed in the ""How We Collect, Use and Share Your Personal Data"" section above for a Business Purpose in the twelve (12) months prior to the Effective Date and may disclose such Personal Information to service providers or contractors or to any other third parties who support Our business provided (a) they do not Sell or Share such Personal Information or (b) retain, use or disclose such information for any purpose other than for the specific purpose of performing the services specified in Our contract with them or (c) combine such information with any other information received directly by them."
personal information,service provider,,"We have disclosed the categories of Personal Information listed in clause 8.2 above for a Business in the twelve (12) months prior to the Effective Date and may disclose such Personal Information to service providers or contractors or to any other third parties who support Our business.
We have disclosed the categories of Personal Information listed in the ""How We Collect, Use and Share Your Personal Data"" section above for a Business Purpose in the twelve (12) months prior to the Effective Date and may disclose such Personal Information to service providers or contractors or to any other third parties who support Our business provided (a) they do not Sell or Share such Personal Information or (b) retain, use or disclose such information for any purpose other than for the specific purpose of performing the services specified in Our contract with them or (c) combine such information with any other information received directly by them."
personal information,we,,"However, We may transfer Personal Data outside these regions only for the purposes referred to Clause 2.
In the absence of a need to retain Personal Data under Clause 6.1 above, We will either delete it or anonymize it, or, if this is not technically possible then We will securely store Your Personal Data and isolate it from any further Processing until deletion is possible.
Privacy Policy

2.4. In addition to the details provided in the table above, We may also share Your Personal Data with
Privacy Policy

What Personal Data We Collect
Privacy Policy

Whom We Share Your Personal Data With
This Privacy Policy explains what Personal Data we collect, how we use and share that data, and your choices concerning our data practices.
We collect Personal Information without providing You a right to opt out.
We have disclosed the categories of Personal Information listed in clause 8.2 above for a Business in the twelve (12) months prior to the Effective Date and may disclose such Personal Information to service providers or contractors or to any other third parties who support Our business.
We have disclosed the categories of Personal Information listed in the ""How We Collect, Use and Share Your Personal Data"" section above for a Business Purpose in the twelve (12) months prior to the Effective Date and may disclose such Personal Information to service providers or contractors or to any other third parties who support Our business provided (a) they do not Sell or Share such Personal Information or (b) retain, use or disclose such information for any purpose other than for the specific purpose of performing the services specified in Our contract with them or (c) combine such information with any other information received directly by them.
We mainly Process Personal Data in the United States of America.
We may receive End- Users' Personal Data as a part of the Service Data for which We will only act as a processor and such Processing will be governed by the Terms of Service.
We will normally collect Personal Data from You only where it is needed to perform a contract with You, where the Processing is in Our legitimate interests and not overridden by Your data protection interests or fundamental rights and freedoms, or where We have Your consent.
When You visit the Websites, We may collect Personal Data automatically from You through cookies or similar technology."
