data_type,collector,purpose,text
UNSPECIFIED_DATA,we,"advertising, analytics, legal, services","Like many businesses, we also collect information through cookies and similar technologies.
We automatically collect certain information when you visit, use or navigate the Sites or Apps.
We keep your information for as long as necessary to fulfill the purposes outlined in this privacy policy unless otherwise required by law.
We may collect limited data from public databases, marketing partners, social media platforms, and other outside sources.
We may transfer, store, and process your information in countries other than your own.
We may use Cookies and other tracking technologies to collect and store your information.
We may use your information as part of our efforts to keep our Sites or Apps safe and secure (for example, for fraud monitoring and prevention).
We may use your information for other Business Purposes, such as data analysis, identifying usage trends, determining the effectiveness of our promotional campaigns and to evaluate and improve our Sites or Apps, products, services, marketing and your experience.
We may use your information in order to enable user-to-user communications with each user's consent.
We may use your information to develop and display content and advertising (and work with third parties who do so) tailored to your interests and/or location and to measure its effectiveness.
We may use your information to request feedback and to contact you about your use of our Sites or Apps.
We process your information for purposes based on legitimate business interests, the fulfillment of our contract with you, compliance with our legal obligations, and/or your consent."
UNSPECIFIED_DATA,we,"advertising, analytics, legal, services, security","Like many businesses, we also collect information through cookies and similar technologies.
We automatically collect certain information when you visit, use or navigate the Sites or Apps.
We keep your information for as long as necessary to fulfill the purposes outlined in this privacy policy unless otherwise required by law.
We may collect limited data from public databases, marketing partners, social media platforms, and other outside sources.
We may transfer, store, and process your information in countries other than your own.
We may use Cookies and other tracking technologies to collect and store your information.
We may use your information as part of our efforts to keep our Sites or Apps safe and secure (for example, for fraud monitoring and prevention).
We may use your information for other Business Purposes, such as data analysis, identifying usage trends, determining the effectiveness of our promotional campaigns and to evaluate and improve our Sites or Apps, products, services, marketing and your experience.
We may use your information in order to enable user-to-user communications with each user's consent.
We may use your information to develop and display content and advertising (and work with third parties who do so) tailored to your interests and/or location and to measure its effectiveness.
We may use your information to request feedback and to contact you about your use of our Sites or Apps.
We process your information for purposes based on legitimate business interests, the fulfillment of our contract with you, compliance with our legal obligations, and/or your consent."
affiliated company,we,"advertising, analytics, legal, services, security","This privacy policy (the ""Privacy Policy"") applies to all websites (such as https://humantelligence.com ), mobile application (""Apps""), any and all HT URLs, and/or any related services, sales, marketing or events (collectively, with the Apps, the ""Sites"") owned or operated by Humantelligence Inc. and/or one of its parents, subsidiaries, or affiliated companies (collectively, the ""Company,"" ""HT"" or ""we"" or ""us"")."
contact information,we,"advertising, analytics, legal, services","We collect your first and last name, email address, postal address, phone number, and other similar contact data."
contact information,we,"advertising, analytics, legal, services, security","We collect your first and last name, email address, postal address, phone number, and other similar contact data."
cookie / pixel tag,we,"advertising, analytics, legal, services","For the sake of ease, we use ""Cookies"" to describe both traditional cookies and web beacons.
We may use Cookies and other tracking technologies to collect and store your information."
cookie / pixel tag,we,"advertising, analytics, legal, services, security","For the sake of ease, we use ""Cookies"" to describe both traditional cookies and web beacons.
We may use Cookies and other tracking technologies to collect and store your information."
email address,we,"advertising, analytics, legal, services","We collect your first and last name, email address, postal address, phone number, and other similar contact data."
feedback,we,"advertising, analytics, legal, services",We may use your information to request feedback and to contact you about your use of our Sites or Apps.
flash cookies,we,"advertising, analytics, legal, services",We may use Flash Cookies to enable or control Flash-based content in the Services.
geolocation,we,"advertising, analytics, legal, services","If you use our Apps, we may also collect the following information: geolocation Information.
We may collect information regarding your geolocation, mobile device, push notifications, when you use our apps."
information about you,we,"advertising, analytics, legal, services","If you choose to register or log in to our websites using a social media account, we may have access to certain information about you.
We may obtain information about you from other sources, such as public databases, joint marketing partners, social media platforms (such as Facebook), as well as from other third parties."
information describe in section call,we,"advertising, analytics, legal, services","If you choose to register in this way, we will collect the Information described in the section called ""YOUR SOCIAL LOGINS"" below."
information we collect,we,"advertising, analytics, legal, services, security",We use the information we collect or receive:
information we receive,we,"advertising, analytics, legal, services, security",We will use the information we receive only for the purposes that are described in this privacy policy or that are otherwise made clear to you on the Sites or Apps.
information you allow,we,"advertising, analytics, legal, services, security","If you choose to link your account with us to a third party account *(such as your Google or Facebook account), we use the information you allowed us to collect from those third parties to facilitate account creation and logon process."
ip address,we,"advertising, analytics, legal, services","We may automatically collect device information (such as your mobile device ID, model and manufacturer), operating system, version information and IP address."
ip address,we,"advertising, analytics, legal, services, security","We may automatically collect device information (such as your mobile device ID, model and manufacturer), operating system, version information and IP address."
mobile device data,we,"advertising, analytics, legal, services, security","If you use our Apps, we may also collect the following information: Mobile Device Data."
non-personal information,UNSPECIFIED_ACTOR,,"Given the nature of this information, there are no restrictions under this Privacy Policy upon the right of HT to aggregate or de-personalize your personal information, and HT may use and/or share with third parties the resulting non-personally identifiable information in any manner in HT's sole discretion."
notification,we,"advertising, analytics, legal, services, security","We reserve the right to make changes to any terms of this Privacy Policy at any time, however, we shall provide notification to you in advance of any changes becoming effective, such as by posting a notification on the Services, when you log into your account, or via email."
operating system,we,"advertising, analytics, legal, services","We may automatically collect device information (such as your mobile device ID, model and manufacturer), operating system, version information and IP address."
operating system,we,"advertising, analytics, legal, services, security","We may automatically collect device information (such as your mobile device ID, model and manufacturer), operating system, version information and IP address."
option,we,"advertising, analytics, legal, services, security","We provide you with the option to register using social media account details, like your Facebook, Twitter or other social media account."
password,we,"advertising, analytics, legal, services, security","We collect passwords, password hints, and similar security information used for authentication and account access."
password hint,we,"advertising, analytics, legal, services, security","We collect passwords, password hints, and similar security information used for authentication and account access."
payment datum,payment processor,,All payment data is stored by our payment processor and you should review its privacy policies and contact the payment processor directly to respond to your questions.
person name,we,"advertising, analytics, legal, services, security","We collect your first and last name, email address, postal address, phone number, and other similar contact data."
personal information collect via site,we,"advertising, analytics, legal, services, security",We use personal information collected via our Sites or Apps for a variety of business purposes described below.
personal information you send to we,third party marketing partner,advertising,"We and/or our third party marketing partners may use the personal information you send to us for our marketing purposes, if this is in accordance with your marketing preferences."
personal information you send to we,we,"advertising, analytics, legal, services, security","We and/or our third party marketing partners may use the personal information you send to us for our marketing purposes, if this is in accordance with your marketing preferences."
phone number,we,"advertising, analytics, legal, services, security","We collect your first and last name, email address, postal address, phone number, and other similar contact data."
postal address,we,"advertising, analytics, legal, services, security","We collect your first and last name, email address, postal address, phone number, and other similar contact data."
profile information,we,"advertising, analytics, legal, services, security","The profile Information we receive may vary depending on the social media provider concerned, but will often include your name, email address, friends list, profile picture as well as other information you choose to make public."
profile information about you,we,"advertising, analytics, legal, services, security","Where you choose to do this, we will receive certain profile information about you from your social media provider."
security information use for authentication,we,"advertising, analytics, legal, services, security","We collect passwords, password hints, and similar security information used for authentication and account access."
version information,we,"advertising, analytics, legal, services, security","We may automatically collect device information (such as your mobile device ID, model and manufacturer), operating system, version information and IP address."
