data_type,collector,purpose,text
cookie / pixel tag,hyperstack,,"Like any other website, Hyperstack uses 'cookies'."
datum collect from google user,hyperstack,legal,"Hyperstack retains the data collected from Google users only as long as necessary to fulfill the purposes for which it was collected, including any legal, accounting, or reporting requirements."
information we collect,we,,"We use the information we collect in various ways, including to:"
ip address,advertiser,,"They automatically receive your IP address when this occurs.
Third-party ad servers or ad networks uses technologies like cookies, JavaScript, or Web Beacons that are used in their respective advertisements and as that appear on Hyperstack, which are sent directly to users' browser."
specific piece,business collect personal datum,,Request that a business that collects a consumer's personal data disclose the categories and specific pieces of personal data that a business has collected about consumers.
