data_type,collector,purpose,text
UNSPECIFIED_DATA,third party payment processor govern,,The information is directly provided to our third-party payment processors whose use of your personal information is governed by their Privacy Policy.
UNSPECIFIED_DATA,we,,We may also disclose your information to:
cookie / pixel tag,we,"analytics, services",We use cookies and other tracking technologies to monitor the activity on our Service and to store certain information.
datum collect,iclosed,"advertising, analytics, legal, security, services",iClosed uses the data collected for the following purposes:
datum you provide we,we,"analytics, services","Introduction:

To provide and enhance our Service, we use the data you provide us."
form of information,we,"analytics, services","To enhance our services, we gather various forms of information for different objectives."
personal identifier,we,"analytics, services","Definitions:

Personal Data: During your use of our Service, we may request certain personally identifiable information from you, referred to as ""Personal Data,"" which can be used to contact or identify you."
personal information,service provider,legal,"Privacy Policy

Service Providers

These third-party service providers only have access to your Personal Data to perform their duties and are required not to disclose or use it for any other purposes."
personal information,we,"analytics, services, advertising, legal","In certain circumstances, we may be required to disclose your Personal Data if required to do so by law or in response to valid requests by public authorities.
Privacy Policy

Disclosure of Data:

We may disclose the personal information we collect or you provide:
We may use your Personal Data to provide you with information that may be of interest to you, including newsletters, marketing or promotional materials, and other communications.
We will hold and use your Personal Data only to the extent required to comply with our legal obligations, resolve disputes, and enforce our legal agreements and policies.
We will keep your Personal Data only for as long as necessary to fulfill the purposes outlined in this Privacy Policy."
