data_type,collector,purpose,text
UNSPECIFIED_DATA,advisor,legal,"To provide information to representatives and advisors, like attorneys and accountants, to help us comply with legal, accounting, or security requirements."
UNSPECIFIED_DATA,we,,"For example, we collect information when you: provide information to sign up for an account with the Services; provide information in your Account Profile; login and operate your account within the Services; or communicate with us by email for any purpose.
When you register to use the Services, communicate with a member of our ILUMA team, or send us an email, you're giving us information (""Personal Information"") that we collect."
accountant,advisor,legal,"To provide information to representatives and advisors, like attorneys and accountants, to help us comply with legal, accounting, or security requirements."
attorney,advisor,legal,"To provide information to representatives and advisors, like attorneys and accountants, to help us comply with legal, accounting, or security requirements."
cookie / pixel tag,we,,"We use those cookies to collect information about when you visit our Website, when you use the Services, your browser type and version, your operating system, and other similar information.
When you register to use ILUMA, we store ""cookies,"" which are strings of code, on your computer."
iluma product,we,,"ILUMA products and services (hereinafter: the ""Service"" or  ""Services"") are accessed by Users through our website: www.getiluma.ai , and through our web app: app.getiluma.ai ."
