data_type,collector,purpose,text
UNSPECIFIED_DATA,analec,,"Where Your use of Services includes the processing by ANALEC of Customer Personal Data on your behalf, You consent and agree that ANALEC may process the data in accordance with the terms of the data processing addendum (""DPA"") linked here."
backup,we,,"For paid subscription accounts, We automatically back Your CRM instance data up every day and keep backups for a rolling 30 days."
confidential information of disclosing party,receiving party,,"The Receiving Party may disclose Confidential Information of the Disclosing Party to the extent compelled by law or a valid order of a governmental agency, legislative body, or court of competent jurisdiction to do so, provided the Receiving Party gives the Disclosing Party prior notice of the compelled disclosure (to the extent legally permitted) and reasonable assistance, at the Disclosing Party's cost, if the Disclosing Party wishes to contest the disclosure."
cookie / pixel tag,we,"advertising, analytics, services","We use cookies to help you navigate efficiently and perform certain functions.
We value your privacy

We use cookies to enhance your browsing experience, serve personalized ads or content, and analyze our traffic."
cookie / pixel tag,youtube,"analytics, services","The cookie ytidb::LAST_RESULT_ENTRY_KEY is used by YouTube to store the last search result entry that was clicked by the user.
The yt-player-headers-readable cookie is used by YouTube to store user preferences related to video playback and interface, enhancing the user's viewing experience.
The yt-remote-fast-check-period cookie is used by YouTube to store the user's video player preferences for embedded YouTube videos.
The yt-remote-session-app cookie is used by YouTube to store user preferences and information about the interface of the embedded YouTube video player.
The yt-remote-session-name cookie is used by YouTube to store the user's video player preferences using embedded YouTube video."
file,analec,services,ANALEC may provide sample data and files for the purpose of demonstrating the possibility of using the Services effectively for specific purposes.
sample datum,analec,services,ANALEC may provide sample data and files for the purpose of demonstrating the possibility of using the Services effectively for specific purposes.
