data_type,collector,purpose,text
UNSPECIFIED_DATA,UNSPECIFIED_ACTOR,advertising,"We may share information with third-party vendors and service providers that provide services on our behalf, such as helping to provide our Services, for promotional and/or marketing purposes, and to provide you with information relevant to you such as product announcements, software updates, special offers, or other information."
UNSPECIFIED_DATA,assignee,,"Information may be disclosed and otherwise transferred to any potential acquirer, successor, or assignee as part of any proposed merger, acquisition, debt financing, sale of assets, or similar transaction, or in the event of insolvency, bankruptcy, or receivership in which information is transferred to one or more third parties as one of our business assets."
UNSPECIFIED_DATA,invested pro,,"This Privacy Policy describes how Invested Pro LLC (""Invested Pro"", ""we,"" ""our"" or ""us""), collects, uses, and shares information in connection with your use of our websites, services, and applications (collectively, the ""Platform"" or ""Services"")."
UNSPECIFIED_DATA,invested pro llc,,"This Privacy Policy describes how Invested Pro LLC (""Invested Pro"", ""we,"" ""our"" or ""us""), collects, uses, and shares information in connection with your use of our websites, services, and applications (collectively, the ""Platform"" or ""Services"")."
UNSPECIFIED_DATA,potential acquirer,,"Information may be disclosed and otherwise transferred to any potential acquirer, successor, or assignee as part of any proposed merger, acquisition, debt financing, sale of assets, or similar transaction, or in the event of insolvency, bankruptcy, or receivership in which information is transferred to one or more third parties as one of our business assets."
UNSPECIFIED_DATA,referrer,,"If you sign up for our Services through a referral, we may share information with your referrer to let them know that you used their referral to sign up for our Services."
UNSPECIFIED_DATA,service provider,advertising,"We may share information with third-party vendors and service providers that provide services on our behalf, such as helping to provide our Services, for promotional and/or marketing purposes, and to provide you with information relevant to you such as product announcements, software updates, special offers, or other information."
UNSPECIFIED_DATA,we,"advertising, legal, security, services","As is true of most websites, we gather certain information automatically and store it in log files.
If you sign up for our Services through a referral, we may share information with your referrer to let them know that you used their referral to sign up for our Services.
This Privacy Policy describes how Invested Pro LLC (""Invested Pro"", ""we,"" ""our"" or ""us""), collects, uses, and shares information in connection with your use of our websites, services, and applications (collectively, the ""Platform"" or ""Services"").
We may also share information to (i) satisfy any applicable law, regulation, legal process, or governmental request; (ii) enforce this Privacy Policy and our Terms of Service, including investigation of potential violations hereof; (iii) detect, prevent, or otherwise address fraud, security, or technical issues; (iv) respond to your requests; or (v) protect our rights, property or safety, our users and the public.
We may be required by law to disclose the information, or we may be required to disclose your personal information to third parties to provide the service you have requested, for example, if you purchase products online from us, INVESTED PRO will need to disclose your personal information to third parties in order to bill and deliver your products.
We may share information with third-party vendors and service providers that provide services on our behalf, such as helping to provide our Services, for promotional and/or marketing purposes, and to provide you with information relevant to you such as product announcements, software updates, special offers, or other information.
With Your Consent, we may share your information."
browser type,we,"advertising, legal, security, services","In addition, when you use our Services, we may collect certain information automatically from your device.
This information may include internet protocol (IP) addresses, browser type, internet service provider (ISP), referring/exit pages, operating system, date/time stamp, clickstream data, landing page, and referring URL."
clickstream data,we,"advertising, legal, security, services","In addition, when you use our Services, we may collect certain information automatically from your device.
This information may include internet protocol (IP) addresses, browser type, internet service provider (ISP), referring/exit pages, operating system, date/time stamp, clickstream data, landing page, and referring URL."
confirmation,we,"advertising, legal, security, services",We may also receive a confirmation when you open an email from us.
cookie / pixel tag,Google,,"Google Analytics uses cookies to collect non-identifying information.
Google provides some additional privacy options regarding its Analytics cookies at http://www.google.com/policies/privacy/partners/ ."
cookie / pixel tag,we,"advertising, legal, security, services, analytics","We store information that we collect through cookies, log files, and/or clear gifs to record your preferences.
We use our own and third party cookies to personalize content and to analyze web traffic."
date time stamp,we,"advertising, legal, security, services, analytics","In addition, when you use our Services, we may collect certain information automatically from your device.
This information may include internet protocol (IP) addresses, browser type, internet service provider (ISP), referring/exit pages, operating system, date/time stamp, clickstream data, landing page, and referring URL."
email address,we,"advertising, legal, security, services, analytics","For example, if you sign up for our free newsletter, you will be required to give us your email address.
If you choose to refer a friend to our Services, we may also collect your friend's email address so that we may send them a referral or promotional code to sign up for our Services."
information about use of feature of services,we,"advertising, legal, security, services, analytics","We may also automatically collect information about your use of features of our Services, about the functionality of our Services, frequency of visits, and other information related to your interactions with the Services."
information about user,UNSPECIFIED_ACTOR,"advertising, analytics","We also share information about users with third-party partners in order to receive additional publicly available information about you.
Where legally permissible, we may use and share information about users with our partners in aggregated or de-identified forms that cannot reasonably be used to identify you."
information about user,we,"advertising, legal, security, services, analytics","We also share information about users with third-party partners in order to receive additional publicly available information about you.
Where legally permissible, we may use and share information about users with our partners in aggregated or de-identified forms that cannot reasonably be used to identify you."
information about user of services,we,"advertising, legal, security, services, analytics","We may collect and receive information about users of our Services (""users,"" ""clients"", ""members"", ""instructors"", ""you,"" or ""your"") from various sources, including (i) information you provide through your user account on the Services (your ""Account"") if you register for the Services; (ii) your use of the Services; and (iii) from third-party websites, services, and partners."
information we collect,we,"advertising, legal, security, services, analytics","We may share the information we collect in various ways, including the following:
We use the information we collect in various ways, including:"
information you provide we,we,"advertising, legal, security, services, analytics",The information you provide us may be archived or stored periodically by us according to backup processes conducted in the ordinary course of business for disaster recovery purposes.
ip address,we,"advertising, legal, security, services, analytics","In addition, when you use our Services, we may collect certain information automatically from your device.
This information may include internet protocol (IP) addresses, browser type, internet service provider (ISP), referring/exit pages, operating system, date/time stamp, clickstream data, landing page, and referring URL."
landing page,we,"advertising, legal, security, services, analytics","In addition, when you use our Services, we may collect certain information automatically from your device.
This information may include internet protocol (IP) addresses, browser type, internet service provider (ISP), referring/exit pages, operating system, date/time stamp, clickstream data, landing page, and referring URL."
non - identifying information,Google,,Google Analytics uses cookies to collect non-identifying information.
personal information,UNSPECIFIED_ACTOR,"advertising, analytics, legal, security, services","We may be required by law to disclose the information, or we may be required to disclose your personal information to third parties to provide the service you have requested, for example, if you purchase products online from us, INVESTED PRO will need to disclose your personal information to third parties in order to bill and deliver your products."
personal information,invested pro,services,"We may be required by law to disclose the information, or we may be required to disclose your personal information to third parties to provide the service you have requested, for example, if you purchase products online from us, INVESTED PRO will need to disclose your personal information to third parties in order to bill and deliver your products."
personal information,we,"advertising, legal, security, services, analytics","However, we will normally collect personal information from you only (i) where we need the personal information to perform a contract with you; (ii) where the processing is in our legitimate interests and not overridden by your rights; or (iii) where we have your consent to do so.
In some cases, we may also have a legal obligation to collect personal information from you or may otherwise need personal information to protect your vital interests or those of another person.
Privacy Policy

We retain personal information we collect from you where we have an ongoing legitimate business need to do so (for example, to provide you with a service you have requested or to comply with applicable legal, tax, or accounting requirements).
We may be required by law to disclose the information, or we may be required to disclose your personal information to third parties to provide the service you have requested, for example, if you purchase products online from us, INVESTED PRO will need to disclose your personal information to third parties in order to bill and deliver your products.
We may transfer personal information to countries other than the country in which the data was originally collected.
When we have no ongoing legitimate business need to process your personal information, we will delete it or, if this is not possible (for example, because your personal information has been stored in backup archives), then we will securely store your personal information and isolate it from any further processing until deletion is possible."
personal information you choose,invested pro,services,"Privacy Policy

INVESTED PRO will only use the personal information you have chosen to provide us for the purpose for which you provided it."
referring url,we,"advertising, legal, security, services, analytics","In addition, when you use our Services, we may collect certain information automatically from your device.
This information may include internet protocol (IP) addresses, browser type, internet service provider (ISP), referring/exit pages, operating system, date/time stamp, clickstream data, landing page, and referring URL."
subscriber information,we,"advertising, legal, security, services, analytics","We do not store your financial account information on our systems; however, we have access to and may retain, subscriber information through our third-party payment processor."
