data_type,collector,purpose,text
UNSPECIFIED_DATA,we,services,"For example, the Company may use cookies to collect the following information:
II. HOW WE USE AND SHARE INFORMATION"
cookie / pixel tag,we,services,"For example, the Company may use cookies to collect the following information:
The purpose of the information is for analyzing trends, administering the site, tracking users' movement on the website, and gathering demographic information which you submit to us through the registration process at the Site : The Company may use both persistent and session cookies; persistent cookies remain on your computer after you close your session and until you delete them, while session cookies expire when you close your browser."
duration of visit,we,services,"For example, the Company may use cookies to collect the following information: duration of visit"
email address,we,services,"By registering, you are authorizing us to collect, store and use your email address in accordance with this Privacy Policy."
feedback,we,services,"For example, we use Personal Information to contact users in response to questions, solicit feedback from users, provide technical support, and inform users about promotional offers."
record of preference,we,"services, advertising, analytics","Sending a cookie to a user's browser enables us to collect Non-Personal information about that user and keep a record of the user's preferences when utilizing our services, both on an individual and aggregate basis."
server for email communication provide access to email address for purpose of,vendor who perform service for company,,"We do share Personal Information with vendors who are performing services for the Company, such as the servers for our email communications who are provided access to user's email address for purposes of sending emails from us."
