data_type,collector,purpose,text
UNSPECIFIED_DATA,Google,,"Google Analytics collects information such as how often users visit this Website, what pages they visit when they do so, and what other websites they used prior to coming to this Website."
UNSPECIFIED_DATA,we,,We will use your information to respond to you regarding any reason you have contacted us.
company name,we,services,"In order to provide quality customer service, we may share your company name, street address and phone number to third parties outside of our organization to only fulfill customer requests you make ; for example, engaging a third party to provide specialized identity services or any other service requests processed on your behalf."
information we get from google analytics,we,services,We use the information we get from Google Analytics to maintain and improve the Website and our products.
personal information,appropriate governmental authority,,Journey may also release personal information to appropriate governmental authorities under the following circumstances:
personal information,journey,,Journey may also release personal information to appropriate governmental authorities under the following circumstances:
phone number,we,services,"In order to provide quality customer service, we may share your company name, street address and phone number to third parties outside of our organization to only fulfill customer requests you make ; for example, engaging a third party to provide specialized identity services or any other service requests processed on your behalf."
postal address,we,services,"In order to provide quality customer service, we may share your company name, street address and phone number to third parties outside of our organization to only fulfill customer requests you make ; for example, engaging a third party to provide specialized identity services or any other service requests processed on your behalf."
