data_type,collector,purpose,text
UNSPECIFIED_DATA,UNSPECIFIED_ACTOR,,We will pass your data to a third party only with your willing consent.
UNSPECIFIED_DATA,we,,"We will pass your data to a third party only with your willing consent.
With your permission, we may collect and process the following data: first name and last name, email address, company, and job title."
content generate,we,,We store the content generated and submitted by participants for data analytics purposes.
cookie / pixel tag,we,services,We use cookies for the correct display of the website's content and for the convenience of browsing www.lanes.ai.
email address,we,services,"With your permission, we may collect and process the following data: first name and last name, email address, company, and job title."
job title,we,services,"With your permission, we may collect and process the following data: first name and last name, email address, company, and job title."
person name,we,services,"With your permission, we may collect and process the following data: first name and last name, email address, company, and job title."
personal information,we,services,We collect and process your personal data only with your willing consent.
