data_type,collector,purpose,text
UNSPECIFIED_DATA,we,,"5. Data Retention

We will retain your information only for as long as necessary for the purposes set out in this policy.
We may share your information in certain circumstances, such as:"
information we collect,we,"legal, services","We use the information we collect for various purposes, including:"
personal information,we,"legal, services","This policy describes how we collect, use, and disclose personal information when you use our website and services.
We collect various types of information, including personal information, when you use our services."
