data_type,collector,purpose,text
UNSPECIFIED_DATA,Google,,"However, we may share your information with trusted third parties in the following cases: Google User Data Sharing: When authorized by you, we may share data with Google services (e.g., for integrating Google Meet functionality)."
UNSPECIFIED_DATA,UNSPECIFIED_ACTOR,,"However, we may share your information with trusted third parties in the following cases:"
UNSPECIFIED_DATA,we,,"However, we may share your information with trusted third parties in the following cases: Google User Data Sharing: When authorized by you, we may share data with Google services (e.g., for integrating Google Meet functionality).
This Privacy Policy explains how we collect, use, disclose, and safeguard your information when you visit our Website."
cookie / pixel tag,we,"advertising, analytics, services","We use cookies to help you navigate efficiently and perform certain functions.
We value your privacy

We use cookies to enhance your browsing experience, serve personalized ads or content, and analyze our traffic."
information collect,we,"advertising, analytics, services, legal, security","We use the information collected for various purposes, including:"
learngo,we,"advertising, analytics, services, legal, security","Welcome to LearnGo (""we,"" ""our,"" or ""us"")."
