data_type,collector,purpose,text
UNSPECIFIED_DATA,we,legal,"We collect Personal Data from You directly as follows: a) When You subscribe for any of Our Services by agreeing to the Terms of Service, We collect sign-up and account information including Your first and last name, email address, phone number, address, State, Province, ZIP/Postal code, city; b) When You submit web forms on Our Websites or as You use interactive features of the Websites, including providing feedback or suggestions, making requests, or participation in surveys, contests, webinars, events, podcasts, promotions, sweepstakes, requesting customer support, or otherwise communicating with Us; c) When You provide testimonials, forms or information to Us in other contexts; or d) When You authorize Us to connect with a third-party service, We will access and store Your Personal Data that the third-party service makes available to Us, which may include  Your email address, location or profile information;  2.2 We may also receive Your Personal Data indirectly as follows: a) from third party sources like marketing lists, databases and social media but only where We have checked that these third parties either have Your consent or are otherwise legally permitted or required to disclose Your Personal Data to Us; b)When You download and/or use the Services, We automatically collect Usage Data such as Your device's Internet Protocol address (e.g. IP address), browser type, browser version, the pages of our Service that You visit, the time and date of Your visit, the time spent on those pages, unique device identifiers and other diagnostic data, to perform Our agreement with You; e) When You use or view Our Websites, information is collected via Your browser's cookies as described in clause 9 herein; f) When You access the Service by or through a mobile device, We may collect certain information automatically, including, but not limited to, the type of mobile device You use, Your mobile device unique ID, the IP address of Your mobile device, Your mobile operating system, the type of mobile internet browser You use, unique device identifiers and other diagnostic data; g) We may also collect or receive Your Personal Data from other sources such as Our business or channel partners through whom You create or access Your account, publicly available sources, email add-ons and/ or through the combining of information We obtain from third parties along with the Personal Data You provide to Us."
mailmodo,we,"legal, security","This privacy policy ("" Policy "") explains how Mailmodo Technologies Inc (Mailmodo) or any of its affiliates or subsidiaries ("" We "", "" Us "", "" Our "") Processes Personal Data collected from You."
mailmodo technologies inc,we,"legal, security","This privacy policy ("" Policy "") explains how Mailmodo Technologies Inc (Mailmodo) or any of its affiliates or subsidiaries ("" We "", "" Us "", "" Our "") Processes Personal Data collected from You."
personal data associate with integrate service account,we,legal,"2.3 If you decide to register through or otherwise grant access to a third-party social networking or integrated service, such as Facebook, Google or similar single sign-on service, we may also collect Personal Data that is already associated with your integrated service account."
personal data collect ongoing legitimate business require retention of personal datum,we,legal,6. RETENTION OF PERSONAL DATA  6.1 We retain the Personal Data collected where an ongoing legitimate business requires retention of such Personal Data.
personal data third party service make,we,legal,"We collect Personal Data from You directly as follows: a) When You subscribe for any of Our Services by agreeing to the Terms of Service, We collect sign-up and account information including Your first and last name, email address, phone number, address, State, Province, ZIP/Postal code, city; b) When You submit web forms on Our Websites or as You use interactive features of the Websites, including providing feedback or suggestions, making requests, or participation in surveys, contests, webinars, events, podcasts, promotions, sweepstakes, requesting customer support, or otherwise communicating with Us; c) When You provide testimonials, forms or information to Us in other contexts; or d) When You authorize Us to connect with a third-party service, We will access and store Your Personal Data that the third-party service makes available to Us, which may include  Your email address, location or profile information;  2.2 We may also receive Your Personal Data indirectly as follows: a) from third party sources like marketing lists, databases and social media but only where We have checked that these third parties either have Your consent or are otherwise legally permitted or required to disclose Your Personal Data to Us; b)When You download and/or use the Services, We automatically collect Usage Data such as Your device's Internet Protocol address (e.g. IP address), browser type, browser version, the pages of our Service that You visit, the time and date of Your visit, the time spent on those pages, unique device identifiers and other diagnostic data, to perform Our agreement with You; e) When You use or view Our Websites, information is collected via Your browser's cookies as described in clause 9 herein; f) When You access the Service by or through a mobile device, We may collect certain information automatically, including, but not limited to, the type of mobile device You use, Your mobile device unique ID, the IP address of Your mobile device, Your mobile operating system, the type of mobile internet browser You use, unique device identifiers and other diagnostic data; g) We may also collect or receive Your Personal Data from other sources such as Our business or channel partners through whom You create or access Your account, publicly available sources, email add-ons and/ or through the combining of information We obtain from third parties along with the Personal Data You provide to Us."
personal information,UNSPECIFIED_ACTOR,services,"4. SHARING OF PERSONAL DATA  4.1 You acknowledge that We will share Your Personal Data with Our group companies and third-party service providers so that they may offer You Our Services and/or to send information or updates on the Services if You are a Subscriber.
4.3 We share Personal Data with Our third-party service providers that host and maintain the Our Websites, applications, backup, storage, payment processing, analytics and other services.
These third-party service providers may have access to or Process Your Personal Data for the purpose of providing these services to Us."
personal information,third party provider who assist we in marketing in compliance with applicable law,,4.4 We may share Your Personal Data with third-party providers who assist Us in marketing and promotions in compliance with applicable laws.
personal information,we,"legal, security","4. SHARING OF PERSONAL DATA  4.1 You acknowledge that We will share Your Personal Data with Our group companies and third-party service providers so that they may offer You Our Services and/or to send information or updates on the Services if You are a Subscriber.
4.3 We share Personal Data with Our third-party service providers that host and maintain the Our Websites, applications, backup, storage, payment processing, analytics and other services.
4.4 We may share Your Personal Data with third-party providers who assist Us in marketing and promotions in compliance with applicable laws.
4.5 We may share or transfer Your Personal Data in connection with, or during negotiations of, any merger, sale of Company assets, financing, or acquisition of all or a portion of Our business to another company.
4.6 We may disclose Your Personal Data for any other purpose with Your consent.
4.7 We may be required to disclose Your Personal Data in response to: a) lawful requests by public authorities, including to meet national security or law enforcement requirements and/or b) subpoenas, court orders, or legal process, or to establish or exercise Our legal rights or defend against legal claims.
4.8 We may also share Personal Data to assist investigation and prevention of illegal activities, suspected fraud, situations involving potential threats to the physical safety of any person, violations of Our Terms of Service, or as otherwise required by law.
5. INTERNATIONAL TRANSFER  5.1. We mainly Process Personal Data in the USA.
6.2 In the absence of a need to retain Personal Data under Section 6.1. above, We will either delete it or aggregate it, or, if this is not possible then We will securely store Your Personal Data and isolate it from any further Processing until deletion is possible.  7. SECURITY OF PERSONAL DATA  7.1.
However, We may transfer Personal Data outside the USA for the purposes referred to in Section 4.
We collect Personal Data from You directly as follows: a) When You subscribe for any of Our Services by agreeing to the Terms of Service, We collect sign-up and account information including Your first and last name, email address, phone number, address, State, Province, ZIP/Postal code, city; b) When You submit web forms on Our Websites or as You use interactive features of the Websites, including providing feedback or suggestions, making requests, or participation in surveys, contests, webinars, events, podcasts, promotions, sweepstakes, requesting customer support, or otherwise communicating with Us; c) When You provide testimonials, forms or information to Us in other contexts; or d) When You authorize Us to connect with a third-party service, We will access and store Your Personal Data that the third-party service makes available to Us, which may include  Your email address, location or profile information;  2.2 We may also receive Your Personal Data indirectly as follows: a) from third party sources like marketing lists, databases and social media but only where We have checked that these third parties either have Your consent or are otherwise legally permitted or required to disclose Your Personal Data to Us; b)When You download and/or use the Services, We automatically collect Usage Data such as Your device's Internet Protocol address (e.g. IP address), browser type, browser version, the pages of our Service that You visit, the time and date of Your visit, the time spent on those pages, unique device identifiers and other diagnostic data, to perform Our agreement with You; e) When You use or view Our Websites, information is collected via Your browser's cookies as described in clause 9 herein; f) When You access the Service by or through a mobile device, We may collect certain information automatically, including, but not limited to, the type of mobile device You use, Your mobile device unique ID, the IP address of Your mobile device, Your mobile operating system, the type of mobile internet browser You use, unique device identifiers and other diagnostic data; g) We may also collect or receive Your Personal Data from other sources such as Our business or channel partners through whom You create or access Your account, publicly available sources, email add-ons and/ or through the combining of information We obtain from third parties along with the Personal Data You provide to Us.
When You visit the Websites, We may collect Personal Data automatically from You through cookies or similar technology."
result information from credit reference agency,we,"legal, security","4.2 When We Process Your order where You are a Subscriber, we may send Your Personal Data to and also use the resulting information from credit reference agencies to prevent fraudulent purchases."
