data_type,collector,purpose,text
UNSPECIFIED_DATA,crm system,services,"Privacy Policy for MEFI

Information We Collect

Sharing of Information : We may share information with our CRM system to create associated tasks."
UNSPECIFIED_DATA,we,services,"Privacy Policy for MEFI

Information We Collect

Sharing of Information : We may share information with our CRM system to create associated tasks."
information about you,UNSPECIFIED_ACTOR,,"This Privacy Policy describes how LIKE WEB SRL (""we"", ""us"", or ""our"") collects, uses, and shares information about you when you use our MEFI application (the ""App"") integrated with the Zoom service."
information about you,we,services,"This Privacy Policy describes how LIKE WEB SRL (""we"", ""us"", or ""our"") collects, uses, and shares information about you when you use our MEFI application (the ""App"") integrated with the Zoom service."
like web srl,we,services,"This Privacy Policy describes how LIKE WEB SRL (""we"", ""us"", or ""our"") collects, uses, and shares information about you when you use our MEFI application (the ""App"") integrated with the Zoom service."
