data_type,collector,purpose,text
cookie / pixel tag,UNSPECIFIED_ACTOR,"analytics, security, services","When you visit or log in to our website, cookies and similar technologies may be used by our online data partners or vendors to associate these activities with other personal information they or others have about you."
cookie / pixel tag,online datum partner,"analytics, security, services","When you visit or log in to our website, cookies and similar technologies may be used by our online data partners or vendors to associate these activities with other personal information they or others have about you."
personal information,UNSPECIFIED_ACTOR,"analytics, security, services","We may disclose personal information that we collect or you provide as described in this privacy policy: To contractors, service providers, and other third parties we use to support our business."
personal information,contractor,,"We may disclose personal information that we collect or you provide as described in this privacy policy: To contractors, service providers, and other third parties we use to support our business."
personal information,service provider,,"We may disclose personal information that we collect or you provide as described in this privacy policy: To contractors, service providers, and other third parties we use to support our business."
personal information,we,services,We may disclose personal information that we collect or you provide as described in this privacy policy:
text,we,services,"We collect and store this information securely on our servers.
When you use our Service, you may upload various types of information and content, including but not limited to text and videos, to enable us to provide you with our services."
