data_type,collector,purpose,text
UNSPECIFIED_DATA,UNSPECIFIED_ACTOR,"analytics, security, services","Monkedo may share a user's information with third parties under the following circumstances :
The data collected from users can be processed or anonymized or stored by Monkedo or Monkedo can transfer the data to third parties for specific purposes :"
UNSPECIFIED_DATA,monkedo,"analytics, security, services","Monkedo may share a user's information with third parties under the following circumstances :
The data collected from users can be processed or anonymized or stored by Monkedo or Monkedo can transfer the data to third parties for specific purposes :"
aggregate / deidentified / pseudonymized information,UNSPECIFIED_ACTOR,"analytics, security, services, advertising",": With user consent, anonymized data may be used by Monkedo and partners for marketing or fundraising."
aggregate / deidentified / pseudonymized information,monkedo,"analytics, security, services, advertising",": With user consent, anonymized data may be used by Monkedo and partners for marketing or fundraising."
datum collect from user,UNSPECIFIED_ACTOR,"analytics, security, services, advertising",The data collected from users can be processed or anonymized or stored by Monkedo or Monkedo can transfer the data to third parties for specific purposes :
datum collect from user,monkedo,"analytics, security, services, advertising",The data collected from users can be processed or anonymized or stored by Monkedo or Monkedo can transfer the data to third parties for specific purposes :
