data_type,collector,purpose,text
UNSPECIFIED_DATA,we,,"We collect information from you when you register on our site or place an order.
We may also release your information when we believe release is appropriate to comply with the law, enforce our site policies, or protect ours or others rights, property, or safety."
cookie / pixel tag,Google,advertising,"Google, as a third party vendor, uses cookies to serve ads on your site."
cookie / pixel tag,we,"advertising, analytics, services","We use cookies to help us remember and process the items in your shopping cart, understand and save your preferences for future visits, keep track of advertisements and compile aggregate data about site traffic and site interaction so that we can offer better site experiences and tools in the future."
item in shopping cart,we,"advertising, analytics, services","We use cookies to help us remember and process the items in your shopping cart, understand and save your preferences for future visits, keep track of advertisements and compile aggregate data about site traffic and site interaction so that we can offer better site experiences and tools in the future."
non-personal information,UNSPECIFIED_ACTOR,advertising,"However, non-personally identifiable visitor information may be provided to other parties for marketing, advertising, or other uses."
personal information,we,"advertising, analytics, services",We will retain your Personal Information for the period necessary to fulfill the purposes outlined in this Privacy Notice unless a longer retention period is required or permitted by law.
preference for future visit,we,"advertising, analytics, services","We use cookies to help us remember and process the items in your shopping cart, understand and save your preferences for future visits, keep track of advertisements and compile aggregate data about site traffic and site interaction so that we can offer better site experiences and tools in the future."
