data_type,collector,purpose,text
UNSPECIFIED_DATA,entity be,legal,"Privacy Policy

These data will only be transferred to those entities that are necessary for the sole purpose of complying with the above mentioned purpose."
information about browsing habit of user,web page,,"Among others,allow a web page to store and retrieve information about the browsing habits of a user or his or her computer and, depending on the information obtained"
information necessary,July Systems,,"Optonet Ltd informs that, as a provider of data hosting services and in accordance with the provisions of Law 34/2002 of July 11, 2002 on Information Society Services and Electronic Commerce (LSSI), Optonet Ltd. 34/2002 of July 11,, retains for a maximum period of 12 months the information necessary to identify the origin of the hosted data and the time at which the service was provided."
personal datum collect through website,we,,"At Optonet Ltd, we will process your personal data collected through the Website: https://optonet.online/, with the following purposes:"
