data_type,collector,purpose,text
UNSPECIFIED_DATA,UNSPECIFIED_ACTOR,,"However, we may share your information with third-party service providers who assist us in operating our website, conducting our business, or servicing you, as long as those parties agree to keep this information confidential."
UNSPECIFIED_DATA,we,,"However, we may share your information with third-party service providers who assist us in operating our website, conducting our business, or servicing you, as long as those parties agree to keep this information confidential."
browser type,we,,"We collect the following types of personal information: Information collected automatically: When you use our service, we may automatically collect certain information such as your IP address, browser type, operating system, and usage data."
collect personal information,we,"advertising, security, services",We may use the collected personal information for the following purposes:
information collect,we,"advertising, security, services","We collect the following types of personal information: Information collected automatically: When you use our service, we may automatically collect certain information such as your IP address, browser type, operating system, and usage data."
information provide,we,"advertising, security, services","We collect the following types of personal information: Information provided by you: When you sign up for our service or schedule appointments, we may collect personal information such as your name, email address, phone number, and any other information you choose to provide."
internet activity,we,"advertising, security, services","We collect the following types of personal information: Information collected automatically: When you use our service, we may automatically collect certain information such as your IP address, browser type, operating system, and usage data."
ip address,we,"advertising, security, services","We collect the following types of personal information: Information collected automatically: When you use our service, we may automatically collect certain information such as your IP address, browser type, operating system, and usage data."
operate system,we,"advertising, security, services","We collect the following types of personal information: Information collected automatically: When you use our service, we may automatically collect certain information such as your IP address, browser type, operating system, and usage data."
