data_type,collector,purpose,text
personal datum on user of application,parent aps,,"In the context of the provision of managing the childcare platform/application called ""Parent"" the Parent ApS will process personal data on the users of the application, and therefore have made this data protection policy that describes how your data gets processed and the rights you have as a registered user."
personal information,we,security,"Privacy Policy

INTRODUCTION

1.1.2. To protect your personal data in the best possible, we constantly assess how high the risk is that our data processing affects your basic rights, and we process your personal data in accordance to the following basic principles:"
