data_type,collector,purpose,text
UNSPECIFIED_DATA,we,"analytics, services","Here's a clear breakdown of our Privacy Policy to inspire trust at every step: How We Use Your Information : We use your information to provide and enhance our Services, analyze user behavior, and offer personalized features.
We gather data about how you use our Services to improve them and personalize your experience.
We may disclose your information as required by law or to protect our rights and safety."
aggregate / deidentified / pseudonymized information,UNSPECIFIED_ACTOR,,Here's a clear breakdown of our Privacy Policy to inspire trust at every step: Information Sharing and Disclosure : Your Privacy Matters:  We only share anonymized data with third-party service providers who assist us in delivering and improving our Services.
aggregate / deidentified / pseudonymized information,we,"analytics, services",Here's a clear breakdown of our Privacy Policy to inspire trust at every step: Information Sharing and Disclosure : Your Privacy Matters:  We only share anonymized data with third-party service providers who assist us in delivering and improving our Services.
contact information,we,"analytics, services, advertising","Here's a clear breakdown of our Privacy Policy to inspire trust at every step: How We Use Your Information : We may also use your contact information to send you necessary messages about our Services and promotional materials, which you can opt out of at any time.
We collect information like your name, email address, and contact details when you create an account or use our Services."
cookie / pixel tag,we,"analytics, services, advertising","We use cookies and similar tech to understand your browsing behavior and preferences, but you can control this through your browser settings."
email address,we,"analytics, services, advertising","We collect information like your name, email address, and contact details when you create an account or use our Services."
log of access relate to datum,we,"analytics, services, advertising","Data Security : Access Controls and Monitoring:  We implement robust access controls and maintain detailed logs of access and activities related to your data, ensuring only authorized personnel can access it."
person name,we,"analytics, services, advertising","We collect information like your name, email address, and contact details when you create an account or use our Services."
personal information,we,"analytics, services, advertising, legal","Data Retention : Responsible Data Handling:  We keep your personal information for as long as necessary to fulfill the purposes outlined in this Policy, ensuring responsible handling of your data.
Termination : Legal Basis for Processing : We process your personal data based on the following legal grounds:"
