data_type,collector,purpose,text
Twitter,social media,,"We may partner with third-party advertising networks, exchanges, and social media platforms (e.g., Facebook, Twitter) to display advertising on our Sites or to manage and service advertising on other sites and we may share personal information with them for this purpose."
UNSPECIFIED_DATA,UNSPECIFIED_ACTOR,,"We may share or transfer information to any person or entity which directly or indirectly controls, is controlled by or is under common control with Uniphore, whether by ownership or otherwise (""Corporate Affiliate""), in connection with, or during negotiations of, any merger, sale of company assets, financing, or acquisition of all or a portion of our business to another company.
We share information with third-party service providers that require access to Customer, Authorized User, and Customer end user information to support our operations and delivery of Services."
UNSPECIFIED_DATA,we,"advertising, analytics, legal, security, services","How We Transfer and Store Information
If you wish to delete your account, please email us at info@uniphore.com with your account information but note that we may retain certain information as required by law or for our legitimate business purposes.
In circumstances that require us to transfer your information to third parties outside the EEA, we will only transfer such information where we have adequate measures in place to provide appropriate safeguards such as standard contractual clauses produced by the EU Commission.
Privacy Policy

How Long We Retain Information
The GDPR provides data subjects with the following rights: Right to Restriction of Processing: You have the right to ask us to restrict (stop any active) processing of your personal information: Where we no longer need your personal information for our processing, but you require us to retain the data for the establishment, exercise, or defense of legal claims; or
This means that our Customers mainly control what personal information we collect and process through the Services and how we use it, and we only process the information in accordance with their instructions.
Uniphore uses collected information in the following ways: Handle contact and support requests - We use your information to fulfill your requests and communicate with you.
Uniphore uses collected information in the following ways: Legal, Regulatory, Safety and Compliance purposes - We process your information for purposes of compliance with laws or regulations and to review compliance with applicable usage terms.
Uniphore uses collected information in the following ways: Other purposes - We process your information for other purposes about which we notify you in advance, or for which we receive your consent (such as in the event of a sale, merger, or acquisition).
Uniphore uses collected information in the following ways: Promote the security of our Sites and Services - We use your information to investigate and prevent fraudulent transactions, unauthorized access to the Services, and other malicious, deceptive, fraudulent, or illegal activity.
Uniphore uses collected information in the following ways: Provide and improve necessary functionality - We use your information to provide you with the necessary functionality required during your use of our Sites and Services as described in the About Uniphore Product and Services section.
Uniphore uses collected information in the following ways: Provide our Sites and Services - We use your information to operate and administer our Sites, and to provide, operate, monitor, and maintain our Services.
Uniphore uses collected information in the following ways: Send marketing communications - We use your personal information for marketing purposes according to your preferences, such as to communicate with you via email, SMS, in-app features, surveys, newsletters, promotions, trainings, or events that we think may be of interest to you and/or provide other news or information about Uniphore and/or our select partners.
Uniphore uses collected information in the following ways: Transactional purposes - We use your information to complete transactions, and send you related information, including purchase confirmations, receipts, invoices, recall notices, and customer experience surveys.
We also use your information to provide content and/or features that match your interests and preferences or otherwise customize our Marketing Activities and your experience on the Services.
We may share or transfer information to any person or entity which directly or indirectly controls, is controlled by or is under common control with Uniphore, whether by ownership or otherwise (""Corporate Affiliate""), in connection with, or during negotiations of, any merger, sale of company assets, financing, or acquisition of all or a portion of our business to another company.
We process information on behalf and under the direction of our Customers as a ""Data Processor.""
We share information with third-party service providers that require access to Customer, Authorized User, and Customer end user information to support our operations and delivery of Services."
analytic datum,we,"advertising, analytics, legal, security, services","We collect the following categories of information as classified under CCPA: Internet or other network activity information - We collect browsing and search history, information collected from cookies and similar technologies, and analytics data."
audio information,we,"advertising, analytics, legal, security, services","We collect the following categories of information as classified under CCPA: Sensory data - We collect audio, electronic, visual, or similar information."
billing information,we,"advertising, analytics, legal, security, services",We collect the following categories of information as classified under CCPA: Personal information - We collect your contact information and billing information.
biometric information,we,"advertising, analytics, legal, security, services",We collect the following categories of information as classified under CCPA: Biometric information - We collect your image and voice files.
browsing / search history,we,"advertising, analytics, legal, security, services","We collect the following categories of information as classified under CCPA: Internet or other network activity information - We collect browsing and search history, information collected from cookies and similar technologies, and analytics data."
business partner,service provider,advertising,"We share the information collected with service providers such as suppliers, vendors, business partners, such as advertising partners and consultants to operate our business and provide you with our Sites and Services."
coarse geolocation,we,"advertising, analytics, legal, security, services",We collect the following categories of information as classified under CCPA: Geolocation data - We collect approximate location information.
collect information,uniphore,"advertising, analytics, legal, security, services",Uniphore uses collected information in the following ways:
commercial information,we,"advertising, analytics, legal, security, services",We collect the following categories of information as classified under CCPA: Commercial information - We collect information about the products you request and records of Services purchased.
company name,we,"advertising, analytics, legal, security, services","We collect the following categories of information as classified under CCPA: Professional information - We collect your job title, company name, and type of company."
consultant,service provider,advertising,"We share the information collected with service providers such as suppliers, vendors, business partners, such as advertising partners and consultants to operate our business and provide you with our Sites and Services."
contact preference,we,"advertising, analytics, legal, security, services","We also collect information you provide to us when participating in a survey, interacting with us virtually or in person at an event, or via a phone or video call with one of our sales or customer support representatives (e.g., the nature of your communication, your contact information, your contact preferences, and any information you choose to provide to us when completing any ""free text"" boxes in our forms)."
cookie / pixel tag,we,"advertising, analytics, legal, security, services","We collect the following categories of information as classified under CCPA: Internet or other network activity information - We collect browsing and search history, information collected from cookies and similar technologies, and analytics data.
When you visit our Sites or interact with our Marketing Activities, we use cookies and similar technologies such as web beacons, tags, and JavaScript, alone or in conjunction with cookies, to automatically collect certain technical information from your browser or device."
customer intent detection,u assist in call,,"Uniphore's core products and their functionalities include: U-Assist In-Call: U-Assist In-Call provides agents with live step-by-step in-call guidance, customer intent and emotion detection, and automation of repetitive tasks."
customer personal information,UNSPECIFIED_ACTOR,,Uniphore shares Customer and their end user's personal information with third parties as required by law and as part of our business practices.
customer personal information,uniphore,"advertising, analytics, legal, security, services",Uniphore shares Customer and their end user's personal information with third parties as required by law and as part of our business practices.
detail help,we,"advertising, analytics, legal, security, services","Troubleshooting and support data - We collect information about your account preferences or data you provide when you contact Uniphore for help, such as the solution you use, the content of chats and other communications with Uniphore, and other details that help us provide support."
device information,we,"advertising, analytics, legal, security, services","For example, we collect your IP address and device information when you use our Services to prevent against malicious activity and fraudulent transactions."
email address,we,"advertising, analytics, legal, security, services","For example, we collect your email address when you sign up for marketing emails and updates on our Site.
For example, we collect your name, email and shipping and billing addresses when you purchase our Services and to process payments.
In some cases, we receive information directly from you, such as your name and email address when you or your organization sign up for our Services.
We collect the following categories of information as classified under CCPA: Personal identifiers - We collect your email address, shipping and billing addresses, login credentials, and IP address."
engagement level,we,"advertising, analytics, legal, security, services","In other cases, we receive information through your use of our Services, such as engagement levels and sentiment when Customers or their end users interact with virtual or live agents."
gender,we,"advertising, analytics, legal, security, services","Similarly, we may also collect your gender."
geolocation,we,"advertising, analytics, legal, security, services",We collect the following categories of information as classified under CCPA: Geolocation data - We collect approximate location information.
hash payment card value,we,"advertising, analytics, legal, security, services","Transactional information - We collect payment and other transactional information related to our Services, such as hashed payment card values and billing address."
image file,we,"advertising, analytics, legal, security, services",We collect the following categories of information as classified under CCPA: Biometric information - We collect your image and voice files.
information about customer,we,"advertising, analytics, legal, security, services","We receive information about Customers and their representatives, and prospective customers and their representatives from third parties that provide services or support Uniphore's business operations."
information about device,we,"advertising, analytics, legal, security, services",This information includes: Device information - We collect information about your device automatically when you use our Sites and Services.
information about meeting,we,"advertising, analytics, legal, security, services","This information includes: Meeting information - Through certain features and integrations of our Services, we collect information about Customer, Authorized User, and Customer end users' meetings."
information about product you request,we,"advertising, analytics, legal, security, services",We collect the following categories of information as classified under CCPA: Commercial information - We collect information about the products you request and records of Services purchased.
information collect,service provider,,"We share the information collected with service providers such as suppliers, vendors, business partners, such as advertising partners and consultants to operate our business and provide you with our Sites and Services."
information collect,we,"advertising, analytics, legal, security, services","We share the information collected with service providers such as suppliers, vendors, business partners, such as advertising partners and consultants to operate our business and provide you with our Sites and Services."
information show,social media,,"If the Social Media Features are hosted by the social media network, and you click through to them from our Site, the social media network may receive information showing that you have visited our Site."
information you choose,we,"advertising, analytics, legal, security, services","We also collect information you provide to us when participating in a survey, interacting with us virtually or in person at an event, or via a phone or video call with one of our sales or customer support representatives (e.g., the nature of your communication, your contact information, your contact preferences, and any information you choose to provide to us when completing any ""free text"" boxes in our forms)."
information you provide,we,"advertising, analytics, legal, security, services","When you engage in Marketing Activities, we collect information that you provide, including through form submissions, email communications, or phone calls to inquire about Uniphore and our Services."
information you provide to we,we,"advertising, analytics, legal, security, services","Information We Collect

A. Information You Provide Directly to Us
We also collect information you provide to us when participating in a survey, interacting with us virtually or in person at an event, or via a phone or video call with one of our sales or customer support representatives (e.g., the nature of your communication, your contact information, your contact preferences, and any information you choose to provide to us when completing any ""free text"" boxes in our forms)."
internet activity,UNSPECIFIED_ACTOR,advertising,"These third-party partners may use technologies, such as cookies and other tracking technologies, to gather information about your activities on our Site to deliver our Marketing Activities to you (i.e., if you visit our Site, we may place a Facebook Pixel cookie on your browser)."
internet activity,we,"advertising, analytics, legal, security, services","This information includes: Sales Opportunity information - Through certain Services, we collect information about sales activity history.
This information includes: Usage information - We collect information about your usage and behavior on our Sites and Services.
We collect the following categories of information as classified under CCPA: Internet or other network activity information - We collect browsing and search history, information collected from cookies and similar technologies, and analytics data."
ip address,we,"advertising, analytics, legal, security, services","For example, we collect your IP address and device information when you use our Services to prevent against malicious activity and fraudulent transactions.
We collect the following categories of information as classified under CCPA: Personal identifiers - We collect your email address, shipping and billing addresses, login credentials, and IP address."
job title,we,"advertising, analytics, legal, security, services","We collect the following categories of information as classified under CCPA: Professional information - We collect your job title, company name, and type of company."
live step by step in call guidance,u assist in call,,"Uniphore's core products and their functionalities include: U-Assist In-Call: U-Assist In-Call provides agents with live step-by-step in-call guidance, customer intent and emotion detection, and automation of repetitive tasks."
login credential,we,"advertising, analytics, legal, security, services","We collect the following categories of information as classified under CCPA: Personal identifiers - We collect your email address, shipping and billing addresses, login credentials, and IP address."
marketing information,we,"advertising, analytics, legal, security, services","Marketing information -
We collect the following information through your use of our Sites and Services."
payment,we,"advertising, analytics, legal, security, services","Transactional information - We collect payment and other transactional information related to our Services, such as hashed payment card values and billing address."
person name,we,"advertising, analytics, legal, security, services","For example, we collect your name, email and shipping and billing addresses when you purchase our Services and to process payments.
In some cases, we receive information directly from you, such as your name and email address when you or your organization sign up for our Services."
personal identifier,we,"advertising, analytics, legal, security, services","We collect the following categories of information as classified under CCPA: Personal identifiers - We collect your email address, shipping and billing addresses, login credentials, and IP address."
personal information we have about you,UNSPECIFIED_ACTOR,"advertising, services","We also transfer personal information we have about you to third parties as described in the ""How We Transfer and Store Information"" section above."
personal information we have about you,we,"advertising, analytics, legal, security, services","We also transfer personal information we have about you to third parties as described in the ""How We Transfer and Store Information"" section above."
postal address,we,"advertising, analytics, legal, security, services","For example, we collect your name, email and shipping and billing addresses when you purchase our Services and to process payments.
Transactional information - We collect payment and other transactional information related to our Services, such as hashed payment card values and billing address.
We collect the following categories of information as classified under CCPA: Personal identifiers - We collect your email address, shipping and billing addresses, login credentials, and IP address."
professional information,we,"advertising, analytics, legal, security, services","We collect the following categories of information as classified under CCPA: Professional information - We collect your job title, company name, and type of company."
protected classification,we,"advertising, analytics, legal, security, services",We collect the following categories of information as classified under CCPA: Characteristics of protected classifications
record of service purchase,we,"advertising, analytics, legal, security, services",We collect the following categories of information as classified under CCPA: Commercial information - We collect information about the products you request and records of Services purchased.
sensory datum,we,"advertising, analytics, legal, security, services","We collect the following categories of information as classified under CCPA: Sensory data - We collect audio, electronic, visual, or similar information."
sentiment,we,"advertising, analytics, legal, security, services","In other cases, we receive information through your use of our Services, such as engagement levels and sentiment when Customers or their end users interact with virtual or live agents."
social medium information,we,"advertising, analytics, legal, security, services","Social media information -
We collect the following information through your use of our Sites and Services."
technical information,we,"advertising, analytics, legal, security, services","When you visit our Sites or interact with our Marketing Activities, we use cookies and similar technologies such as web beacons, tags, and JavaScript, alone or in conjunction with cookies, to automatically collect certain technical information from your browser or device."
