data_type,collector,purpose,text
aggregate statistical information about visit to site,we,,"If you arrived at our website via a link from another webpage, we also may receive aggregate or otherwise anonymous statistical information about your visit to our site."
anonymous identifier,we,services,We also use information collected from cookies and other anonymous identifiers to improve your user experience and the quality of our services.
cookie / pixel tag,we,services,We also use information collected from cookies and other anonymous identifiers to improve your user experience and the quality of our services.
cookie / pixel tag,we,"services, analytics, legal, security",We also use information collected from cookies and other anonymous identifiers to improve your user experience and the quality of our services.
personal information about people you provide to we,we,"services, analytics, legal",We also may collect and store personal information about other people that you provide to us.
personal information of non - student user,business with we partner,,We may share personal information of non-student users with the businesses with which we partner to offer certain products and services.
personal information of non - student user,we,"services, analytics, legal",We may share personal information of non-student users with the businesses with which we partner to offer certain products and services.
personal information of recipient,we,"services, analytics, legal","If you use our website to send others information that may interest them or messages through our system, we may store your personal information, and the personal information of each such recipient."
specific information,we,"services, analytics, legal, security",We may need to request specific information from you to help us confirm your identity as necessary to act upon any of the foregoing types of requests.
