data_type,collector,purpose,text
UNSPECIFIED_DATA,we,legal,"Those colleagues or members may voluntarily give us certain information.
We may use your information to meet legal or regulatory requirements, including the reporting of financial information (such as payments submitted to Setmore) for tax purposes.
We may use your information when it is reasonably necessary to comply with legal process, respond to claims, or protect the rights, property or safety of our company, employees, customers, or the public.
We will use your information when responding to your questions, comments, feedback, or requests for technical support."
UNSPECIFIED_DATA,we,"legal, analytics, services","Those colleagues or members may voluntarily give us certain information.
We may use your information to meet legal or regulatory requirements, including the reporting of financial information (such as payments submitted to Setmore) for tax purposes.
We may use your information when it is reasonably necessary to comply with legal process, respond to claims, or protect the rights, property or safety of our company, employees, customers, or the public.
We will use your information when responding to your questions, comments, feedback, or requests for technical support."
comment,we,"legal, analytics","This Privacy Policy describes the type of personal data that Setmore (""Setmore,"" ""we,"" or ""us"") collects through your use of our website, our products, support, payment and mobile apps, our marketing, demonstrations, and promotions, and our communications with you through our website or by phone, email, or live chat and online services, including your comments and feedback (collectively, the ""Services"")."
cookie / pixel tag,we,"legal, analytics",We may also use cookies to keep track of the ways in which customers find us and navigate through our website.
cookie / pixel tag,we,"legal, analytics, services",We may also use cookies to keep track of the ways in which customers find us and navigate through our website.
credit / debit card number,third party payment processor,,"If you purchase a paid subscription to Setmore Pro, Setmore Team or Setmore Live Booking, our third-party payment processors will collect and store your billing address and credit card information."
feedback,we,"legal, analytics","This Privacy Policy describes the type of personal data that Setmore (""Setmore,"" ""we,"" or ""us"") collects through your use of our website, our products, support, payment and mobile apps, our marketing, demonstrations, and promotions, and our communications with you through our website or by phone, email, or live chat and online services, including your comments and feedback (collectively, the ""Services"")."
postal address,third party payment processor,,"If you purchase a paid subscription to Setmore Pro, Setmore Team or Setmore Live Booking, our third-party payment processors will collect and store your billing address and credit card information."
