data_type,collector,purpose,text
UNSPECIFIED_DATA,we,analytics,"INFORMATION WE COLLECT FROM OTHER SOURCES
The types of data we collect include:
We may also obtain information from other sources and combine that with information we collect through our Services for purposes of advertising and user authentication.
When you access or use the Services we automatically collect information about you, including: Virtual interactions: When you use Simpleem, we automatically collect certain information to analyze participants' interactions."
age,we,analytics,"The types of information we may collect include your first and last name, email address, company name, postal address, phone number, education information, employment information, social media profile, age and date of birth, payment or credit card information, and any other information you choose to provide."
aggregate / deidentified / pseudonymized information,we,analytics,"We may also share aggregated or de-identified information, which cannot reasonably be used to identify you."
cache copy of personal information,we,analytics,We may also retain cached or archived copies of personal information for a certain period of time.
company name,we,analytics,"The types of information we may collect include your first and last name, email address, company name, postal address, phone number, education information, employment information, social media profile, age and date of birth, payment or credit card information, and any other information you choose to provide."
cookie / pixel tag,we,analytics,"We use various technologies to collect information, including cookies and web beacons."
credit / debit card number,third party payment processor,,"To the extent you provide credit card information through the Services, that information is collected and processed by our third-party payment processor pursuant to their Privacy Policy and practices."
credit / debit card number,we,analytics,"The types of information we may collect include your first and last name, email address, company name, postal address, phone number, education information, employment information, social media profile, age and date of birth, payment or credit card information, and any other information you choose to provide."
date of birth,Google,,"This information is collected by Google and is provided to us under the terms of Google's privacy policy, which you can find here:
This may include your first name, last name, gender, general location, your timezone and birthday."
date of birth,we,analytics,"This information is collected by Google and is provided to us under the terms of Google's privacy policy, which you can find here:
This may include your first name, last name, gender, general location, your timezone and birthday."
datum collect from server,we,analytics,"We do not monitor or log data collected from your servers when using the Services, but we may log or monitor information about your access to our Services."
education information,we,analytics,"The types of information we may collect include your first and last name, email address, company name, postal address, phone number, education information, employment information, social media profile, age and date of birth, payment or credit card information, and any other information you choose to provide."
email address,we,analytics,"For example, if you create or log into your Simpleem account using your Google Apps credentials via single sign-on, we will have access to certain information such as your name and email address as authorized in your Google Apps profile settings.
The types of information we may collect include your first and last name, email address, company name, postal address, phone number, education information, employment information, social media profile, age and date of birth, payment or credit card information, and any other information you choose to provide."
employment information,we,analytics,"The types of information we may collect include your first and last name, email address, company name, postal address, phone number, education information, employment information, social media profile, age and date of birth, payment or credit card information, and any other information you choose to provide."
gender,Google,,"This information is collected by Google and is provided to us under the terms of Google's privacy policy, which you can find here:
This may include your first name, last name, gender, general location, your timezone and birthday."
gender,we,analytics,"This information is collected by Google and is provided to us under the terms of Google's privacy policy, which you can find here:
This may include your first name, last name, gender, general location, your timezone and birthday."
geolocation,Google,,"This information is collected by Google and is provided to us under the terms of Google's privacy policy, which you can find here:
This may include your first name, last name, gender, general location, your timezone and birthday."
geolocation,we,analytics,"This information is collected by Google and is provided to us under the terms of Google's privacy policy, which you can find here:
This may include your first name, last name, gender, general location, your timezone and birthday."
identify information,we,analytics,We also use names and other identifying information provided through the videoconferencing services to better analyze and manage participants interactions.
information about you,simpleem inc,,"This Privacy Policy explains how information about you is collected, used and disclosed by Simpleem, INC. (collectively, """
information about you,we,"analytics, advertising, security, services","We may use information about you to:
When you access or use the Services we automatically collect information about you, including:"
information you choose,we,"analytics, advertising, security, services","The types of information we may collect include your first and last name, email address, company name, postal address, phone number, education information, employment information, social media profile, age and date of birth, payment or credit card information, and any other information you choose to provide."
information you provide to we via services,we,"analytics, advertising, security, services",We collect and process information you provide directly to us via the Services.
internet activity,we,"analytics, advertising, security, services","We do not monitor or log data collected from your servers when using the Services, but we may log or monitor information about your access to our Services."
person name,Google,,"This information is collected by Google and is provided to us under the terms of Google's privacy policy, which you can find here:
This may include your first name, last name, gender, general location, your timezone and birthday."
person name,we,"analytics, advertising, security, services","For example, if you create or log into your Simpleem account using your Google Apps credentials via single sign-on, we will have access to certain information such as your name and email address as authorized in your Google Apps profile settings.
The types of information we may collect include your first and last name, email address, company name, postal address, phone number, education information, employment information, social media profile, age and date of birth, payment or credit card information, and any other information you choose to provide.
This information is collected by Google and is provided to us under the terms of Google's privacy policy, which you can find here:
This may include your first name, last name, gender, general location, your timezone and birthday.
We also use names and other identifying information provided through the videoconferencing services to better analyze and manage participants interactions."
personal information,analytic provider,,"We may share your personal information as follows or as otherwise described in this Privacy Policy: With analytics and search engine providers that assist us in the improvement and optimization of our Website, subject to our Cookies Policy; and"
personal information,simpleem,,"Your personal information will be retained by Simpleem for the duration of your account and may be retained for a period after this time as necessary and relevant to our legitimate interests, our terms of agreement with you and in accordance with applicable legal obligations."
personal information,we,"analytics, advertising, security, services","Accordingly, the lawful bases upon which we process your personal information are as follows: Otherwise, we will process your personal data only where the processing is necessary for compliance with a legal obligation to which we are a subject; or
Subject to the terms of their agreements with us, Customers may deactivate their accounts by emailing us at info@simpleem.com, but note that we may retain certain personal information as necessary to comply with our legal obligations or for legitimate business purposes, such as to resolve disputes or enforce our agreements.
We may share your personal information as follows or as otherwise described in this Privacy Policy:
Where permitted in our legitimate interest or with your prior consent where required by law, we will use your personal information for marketing and to provide you with promotional update communications by email about our products/services."
phone number,we,"analytics, advertising, security, services","The types of information we may collect include your first and last name, email address, company name, postal address, phone number, education information, employment information, social media profile, age and date of birth, payment or credit card information, and any other information you choose to provide."
postal address,we,"analytics, advertising, security, services","The types of information we may collect include your first and last name, email address, company name, postal address, phone number, education information, employment information, social media profile, age and date of birth, payment or credit card information, and any other information you choose to provide."
privacy,we,"analytics, advertising, security, services",We only collect what is necessary and protect your privacy with strict security measures.
record of state objection to processing of datum include in respect of objection to,we,"analytics, advertising, security, services, legal","We may retain a record of your stated objection to the processing of your data, including in respect of an objection to receiving marketing communications, for the sole legitimate purpose of ensuring that we can continue to respect your wishes and not contact you further, during the term of your objection."
social medium profile,we,"analytics, advertising, security, services, legal","The types of information we may collect include your first and last name, email address, company name, postal address, phone number, education information, employment information, social media profile, age and date of birth, payment or credit card information, and any other information you choose to provide."
text,we,"analytics, advertising, security, services, legal",We collect and analyze text from chat features and transcribed audio.
timezone,Google,,"This information is collected by Google and is provided to us under the terms of Google's privacy policy, which you can find here:
This may include your first name, last name, gender, general location, your timezone and birthday."
timezone,we,"analytics, advertising, security, services, legal","This information is collected by Google and is provided to us under the terms of Google's privacy policy, which you can find here:
This may include your first name, last name, gender, general location, your timezone and birthday."
voice tone,videoconference software,,"This data can be captured from your device's microphone or provided by the videoconference software.
We analyze voice tone, perform sentiment analysis, and convert speech to text."
voice tone,we,"analytics, advertising, security, services, legal","We analyze voice tone, perform sentiment analysis, and convert speech to text."
