data_type,collector,purpose,text
UNSPECIFIED_DATA,partner employee,,"Your information may be accessed by these partners/employees, in the event that we need to share your Information with them to provide our services or customer support to you."
UNSPECIFIED_DATA,spiro,"advertising, security, services","By using the Service, you acknowledge that any Personal Data about you, regardless of whether provided by you or obtained from a third party, is being provided to Spiro in the U.S. and will be hosted on U.S. servers, and you authorize Spiro to transfer, store and process your information to and in the U.S., and possibly other countries.
Spiro uses your Information as follows:"
UNSPECIFIED_DATA,we,,"By using the www.spiro.ai website (""Site"") or any of our applications (together with the Site, the ""Service"") you acknowledge that you accept the practices and policies outlined in this Privacy Policy, and you consent that we will collect, use, and share your information as set forth below.
To the limited extent we collect Information - we neither rent nor sell your Information to anyone.
We may release Information when we believe in good faith that release is necessary to comply with the law; enforce or apply our Terms of Service and other agreements; or protect the rights, property, or safety of Spiro, our employees, our users, or others.
We share your Information only as described below."
credit / debit card number,payment processor,services,Spiro uses your Information as follows: Our payment processor will use your credit card information to process charges in accordance with your paid subscription to the Service.
encrypt version of password be,spiro,"advertising, security, services","In the case of Microsoft Exchange, Spiro stores an encrypted version of your password which is never accessible in its original form, even to Spiro personnel."
password,spiro,"advertising, security, services",By requesting that Spiro import such information - you authorize Spiro to use your Third Party Service username and password to access the applicable Third Party Service Account.
third party service username,spiro,"advertising, security, services",By requesting that Spiro import such information - you authorize Spiro to use your Third Party Service username and password to access the applicable Third Party Service Account.
trend,we,"advertising, services","This information helps us, among other things, analyze trends and administer the Service."
www.spiro.ai website,we,"advertising, services","By using the www.spiro.ai website (""Site"") or any of our applications (together with the Site, the ""Service"") you acknowledge that you accept the practices and policies outlined in this Privacy Policy, and you consent that we will collect, use, and share your information as set forth below."
