data_type,collector,purpose,text
UNSPECIFIED_DATA,we,,"If you link StreamAlive to a third-party account, we may collect and store certain information."
access token,we,,"We may collect channel title, channel thumbnail, username / profile ID, email, access tokens, and live broadcasts."
channel thumbnail,we,,"We may collect channel title, channel thumbnail, username / profile ID, email, access tokens, and live broadcasts."
channel title,we,,"We may collect channel title, channel thumbnail, username / profile ID, email, access tokens, and live broadcasts."
cookie / pixel tag,New Relic,"analytics, services",The JSESSIONID cookie is used by New Relic to store a session identifier so that New Relic can monitor session counts for an application.
cookie / pixel tag,we,"advertising, analytics, services","This cookie, set by Microsoft, is used by the website to store the user's session ID and is sent with each request to the ASP.NET application.
We may use cookies and other tracking mechanisms on our website and other digital properties to collect data about you.
We may use functional cookies on our website.
We may use marketing cookies on our website.
We may use performance/analytics cookies on our website.
We may use this data to tailor the marketing and ads you see on our own and other website and mobile apps, including social media.
We use cookies to help you navigate efficiently and perform certain functions.
We value your privacy

We use cookies to enhance your browsing experience, serve personalized ads or content, and analyze our traffic."
cookie / pixel tag,we,"advertising, analytics, services, security","This cookie, set by Microsoft, is used by the website to store the user's session ID and is sent with each request to the ASP.NET application.
We may use cookies and other tracking mechanisms on our website and other digital properties to collect data about you.
We may use functional cookies on our website.
We may use marketing cookies on our website.
We may use performance/analytics cookies on our website.
We may use this data to tailor the marketing and ads you see on our own and other website and mobile apps, including social media.
We use cookies to help you navigate efficiently and perform certain functions.
We value your privacy

We use cookies to enhance your browsing experience, serve personalized ads or content, and analyze our traffic."
cookie / pixel tag,youtube,"analytics, services","The cookie ytidb::LAST_RESULT_ENTRY_KEY is used by YouTube to store the last search result entry that was clicked by the user.
The yt-player-headers-readable cookie is used by YouTube to store user preferences related to video playback and interface, enhancing the user's viewing experience.
The yt-remote-fast-check-period cookie is used by YouTube to store the user's video player preferences for embedded YouTube videos.
The yt-remote-session-app cookie is used by YouTube to store user preferences and information about the interface of the embedded YouTube video player.
The yt-remote-session-name cookie is used by YouTube to store the user's video player preferences using embedded YouTube video."
datum about you,we,"advertising, analytics, services","We may also use trackers (such as web beacons, tags, pixels) on our website and other digital properties to collect data about you.
We may use cookies and other tracking mechanisms on our website and other digital properties to collect data about you."
email address,we,"advertising, analytics, services","We may collect channel title, channel thumbnail, username / profile ID, email, access tokens, and live broadcasts."
information from youtube about channel,we,"advertising, analytics, services","In this case, we will access certain information from YouTube about your channel using YouTube API Services."
personal data we hold about you,country outside residential country,,Personal Data we hold about you may be transferred to other countries outside your residential country for any of the purposes described in this Privacy Notice.
personal information,UNSPECIFIED_ACTOR,,": We may disclose your Personal Data to the following third parties: any sub-contractors, agents or service providers who work for us or provide services or products to us, law enforcement authorities, government authorities, courts, dispute resolution bodies, regulators, auditors and any party appointed or requested by applicable regulators to carry out investigations or audits of our activities statutory and regulatory bodies, authorities (including the government) investigating agencies and entities or persons, to whom or before whom it is mandatory to disclose Personal Data as per the applicable law, courts, judicial and quasi-judicial authorities and tribunals, arbitrators, and arbitration tribunals
We may share your Personal Data with such third parties.
We may use third parties in the provision of our products and services to you."
personal information,appropriate authority,,"For e.g., to assist with detecting and preventing fraud have a requirement in connection with regulatory reporting, litigation or asserting or defending legal rights and interests We may also disclose your Personal Data to appropriate authorities if we believe that it is reasonably necessary to comply with a law, regulation, legal process; protect the safety of any person; address fraud, security, or technical issues; or protect our rights or the rights of those who use our products & services."
personal information,auditor,,": We may disclose your Personal Data to the following third parties: any sub-contractors, agents or service providers who work for us or provide services or products to us, law enforcement authorities, government authorities, courts, dispute resolution bodies, regulators, auditors and any party appointed or requested by applicable regulators to carry out investigations or audits of our activities statutory and regulatory bodies, authorities (including the government) investigating agencies and entities or persons, to whom or before whom it is mandatory to disclose Personal Data as per the applicable law, courts, judicial and quasi-judicial authorities and tribunals, arbitrators, and arbitration tribunals"
personal information,court,,": We may disclose your Personal Data to the following third parties: any sub-contractors, agents or service providers who work for us or provide services or products to us, law enforcement authorities, government authorities, courts, dispute resolution bodies, regulators, auditors and any party appointed or requested by applicable regulators to carry out investigations or audits of our activities statutory and regulatory bodies, authorities (including the government) investigating agencies and entities or persons, to whom or before whom it is mandatory to disclose Personal Data as per the applicable law, courts, judicial and quasi-judicial authorities and tribunals, arbitrators, and arbitration tribunals"
personal information,dispute resolution body,,": We may disclose your Personal Data to the following third parties: any sub-contractors, agents or service providers who work for us or provide services or products to us, law enforcement authorities, government authorities, courts, dispute resolution bodies, regulators, auditors and any party appointed or requested by applicable regulators to carry out investigations or audits of our activities statutory and regulatory bodies, authorities (including the government) investigating agencies and entities or persons, to whom or before whom it is mandatory to disclose Personal Data as per the applicable law, courts, judicial and quasi-judicial authorities and tribunals, arbitrators, and arbitration tribunals"
personal information,government authority,,": We may disclose your Personal Data to the following third parties: any sub-contractors, agents or service providers who work for us or provide services or products to us, law enforcement authorities, government authorities, courts, dispute resolution bodies, regulators, auditors and any party appointed or requested by applicable regulators to carry out investigations or audits of our activities statutory and regulatory bodies, authorities (including the government) investigating agencies and entities or persons, to whom or before whom it is mandatory to disclose Personal Data as per the applicable law, courts, judicial and quasi-judicial authorities and tribunals, arbitrators, and arbitration tribunals"
personal information,law enforcement authority,,": We may disclose your Personal Data to the following third parties: any sub-contractors, agents or service providers who work for us or provide services or products to us, law enforcement authorities, government authorities, courts, dispute resolution bodies, regulators, auditors and any party appointed or requested by applicable regulators to carry out investigations or audits of our activities statutory and regulatory bodies, authorities (including the government) investigating agencies and entities or persons, to whom or before whom it is mandatory to disclose Personal Data as per the applicable law, courts, judicial and quasi-judicial authorities and tribunals, arbitrators, and arbitration tribunals"
personal information,regulator,,": We may disclose your Personal Data to the following third parties: any sub-contractors, agents or service providers who work for us or provide services or products to us, law enforcement authorities, government authorities, courts, dispute resolution bodies, regulators, auditors and any party appointed or requested by applicable regulators to carry out investigations or audits of our activities statutory and regulatory bodies, authorities (including the government) investigating agencies and entities or persons, to whom or before whom it is mandatory to disclose Personal Data as per the applicable law, courts, judicial and quasi-judicial authorities and tribunals, arbitrators, and arbitration tribunals"
personal information,service provider,,": We may disclose your Personal Data to the following third parties: any sub-contractors, agents or service providers who work for us or provide services or products to us, law enforcement authorities, government authorities, courts, dispute resolution bodies, regulators, auditors and any party appointed or requested by applicable regulators to carry out investigations or audits of our activities statutory and regulatory bodies, authorities (including the government) investigating agencies and entities or persons, to whom or before whom it is mandatory to disclose Personal Data as per the applicable law, courts, judicial and quasi-judicial authorities and tribunals, arbitrators, and arbitration tribunals"
personal information,sub,,": We may disclose your Personal Data to the following third parties: any sub-contractors, agents or service providers who work for us or provide services or products to us, law enforcement authorities, government authorities, courts, dispute resolution bodies, regulators, auditors and any party appointed or requested by applicable regulators to carry out investigations or audits of our activities statutory and regulatory bodies, authorities (including the government) investigating agencies and entities or persons, to whom or before whom it is mandatory to disclose Personal Data as per the applicable law, courts, judicial and quasi-judicial authorities and tribunals, arbitrators, and arbitration tribunals"
personal information,we,"advertising, analytics, services, security",": We may disclose your Personal Data to the following third parties: any sub-contractors, agents or service providers who work for us or provide services or products to us, law enforcement authorities, government authorities, courts, dispute resolution bodies, regulators, auditors and any party appointed or requested by applicable regulators to carry out investigations or audits of our activities statutory and regulatory bodies, authorities (including the government) investigating agencies and entities or persons, to whom or before whom it is mandatory to disclose Personal Data as per the applicable law, courts, judicial and quasi-judicial authorities and tribunals, arbitrators, and arbitration tribunals
For e.g., to assist with detecting and preventing fraud have a requirement in connection with regulatory reporting, litigation or asserting or defending legal rights and interests We may also disclose your Personal Data to appropriate authorities if we believe that it is reasonably necessary to comply with a law, regulation, legal process; protect the safety of any person; address fraud, security, or technical issues; or protect our rights or the rights of those who use our products & services.
Reasons for sharing your Personal Data with third parties: We may disclose your Personal Data to third parties only where it is lawful to do so.
We keep the Personal Data we collect about you for as long as it is required for the purposes set out in this Privacy Notice and for legal or regulatory reasons.
We may also receive Personal Data about you from third parties and publicly available sources of information.
We may share your Personal Data with such third parties.
We process any Personal Data we collect from you in accordance with the applicable laws and regulations mentioned and the provisions of this Privacy Notice.
We use your Personal Data for the following purposes: * To verify your identity To deliver our products and services * To communicate with you regarding existing products and services availed by you, including notifications of any alerts or updates * To evaluate, develop and improve our products and services* For market and product analysis and market research* To send you information about our other products, programs or services which may be of interest to you To handle enquiries and complaints and to provide technical support for our services."
username profile id,we,"advertising, analytics, services, security","We may collect channel title, channel thumbnail, username / profile ID, email, access tokens, and live broadcasts."
