data_type,collector,purpose,text
UNSPECIFIED_DATA,UNSPECIFIED_ACTOR,,We will provide your Personal Information in a portable and usable format that allows you to transfer data easily to another entity - provided that this is technically feasible; the right to opt out from the Sale of your Personal Information;
file record interaction with application,UNSPECIFIED_ACTOR,services,"For operation and maintenance purposes, this Application and any third-party services may collect files that record interaction with this Application (System logs) or use other Personal Data (such as the IP Address) for this purpose."
file record interaction with application,we,services,"For operation and maintenance purposes, this Application and any third-party services may collect files that record interaction with this Application (System logs) or use other Personal Data (such as the IP Address) for this purpose."
information concern particular service upon,we,services,"In addition to the information contained in this privacy policy, this Application may provide the User with additional and contextual information concerning particular Services or the collection and processing of Personal Data upon request."
mention category,we,services,"We collect the above-mentioned categories of Personal Information, either directly or indirectly, from you when you use this Application."
personal information collect from you in connection with verification of request for verification,we,services,"We will use any Personal Information collected from you in connection with the verification of your request solely for verification and shall not further disclose the Personal Information, retain it longer than necessary for purposes of verification, or use it for unrelated purposes."
system log,UNSPECIFIED_ACTOR,services,"For operation and maintenance purposes, this Application and any third-party services may collect files that record interaction with this Application (System logs) or use other Personal Data (such as the IP Address) for this purpose."
system log,we,services,"For operation and maintenance purposes, this Application and any third-party services may collect files that record interaction with this Application (System logs) or use other Personal Data (such as the IP Address) for this purpose."
