data_type,collector,purpose,text
UNSPECIFIED_DATA,we,services,We use cookies to collect information in order to improve our services for you.
contact information,we,services,"While using our Service, we may ask you to provide us with certain personally identifiable information that can be used to contact or identify you."
geolocation,we,services,"We may use and store information about your location depending on the permissions you have set on your device.
We use this information to provide features of our Service, to improve and customize our Service."
information browser send,we,services,"We may also collect information that your browser sends whenever you visit our Service or when you access the Service by or through a mobile device (""Log Data"")."
log data,we,services,"We may also collect information that your browser sends whenever you visit our Service or when you access the Service by or through a mobile device (""Log Data"")."
personal identifier,we,services,"Personally identifiable information may include, but is not limited to, your email address, name, phone number, postal address, other information (""Personal Information"").
We collect this information for the purpose of providing the Service, identifying and communicating with you, responding to your requests/inquiries, servicing your purchase orders, and improving our services.
While using our Service, we may ask you to provide us with certain personally identifiable information that can be used to contact or identify you."
personal information,UNSPECIFIED_ACTOR,services,These third parties have access to your Personal Information only to perform specific tasks on our behalf and are obligated not to disclose or use your information for any other purpose.
personal information,we,"services, advertising","If you are located outside United States and choose to provide information to us, please note that we transfer the information, including Personal Information, to United States and process it there.
We may use your Personal Information to contact you with newsletters, marketing or promotional materials and other information that may be of interest to you.
We use your Personal Information for providing and improving the Service.
We will disclose your Personal Information where required to do so by law or subpoena or if we believe that such action is necessary to comply with the law and the reasonable requests of law enforcement or to protect the security or integrity of our Service."
toolla inc.,we,"services, advertising","Toolla Inc. (""us"", ""we"", or ""our"") operates the https://tanbuu.com website and the Tanbuu mobile application (the ""Service"")."
