data_type,collector,purpose,text
file record interaction with application,UNSPECIFIED_ACTOR,services,"For operation and maintenance purposes, this Application and any third-party services may collect files that record interaction with this Application (System logs) or use other Personal Data (such as the IP Address) for this purpose."
file record interaction with application,we,services,"For operation and maintenance purposes, this Application and any third-party services may collect files that record interaction with this Application (System logs) or use other Personal Data (such as the IP Address) for this purpose."
information concern particular service,we,services,"In addition to the information contained in this privacy policy, this Application may provide the User with additional and contextual information concerning particular Services or the collection and processing of Personal Data upon request."
personal data strictly necessary,iubenda,,"Changes to this privacy policy

iubenda hosts this content and only collects the Personal Data strictly necessary for it to be provided."
personal datum relate to user,we,services,The Owner may process Personal Data relating to Users if one of the following applies:
system log,UNSPECIFIED_ACTOR,services,"For operation and maintenance purposes, this Application and any third-party services may collect files that record interaction with this Application (System logs) or use other Personal Data (such as the IP Address) for this purpose."
system log,we,services,"For operation and maintenance purposes, this Application and any third-party services may collect files that record interaction with this Application (System logs) or use other Personal Data (such as the IP Address) for this purpose."
