data_type,collector,purpose,text
UNSPECIFIED_DATA,UNSPECIFIED_ACTOR,"advertising, security, services","Additionally, we may provide your Information to our partners in order to provide Users with selected retail and other types of offers.
B.  Disclosing Your Information

Information Shared with our Subsidiaries and Affiliates . We may share your Information with our subsidiaries and affiliates.
In addition to marketing and advertising, our partners may use your data for services that include but are not limited to, verification, validation, reference, lookup, risk mitigation and data enhancement (collectively, these are known as ""Permitted Partner Uses"").   We may also use your personal contact information to contact you to further discuss your interest in the Service, to send you information about us or our partners, to identify your company/organization as a customer, and to use your company/organization's name and/or logo on our website and in our marketing materials.
These third-party service providers are authorized to use your Information only as necessary to provide these services to us .
We may disclose your Information to third-party service providers that perform certain functions or services on our behalf  (such as to host the Services, manage databases, perform analyses, process credit card payments, provide customer service, or send communications for us ).
You may also separately provide Information to websites, retailers or other commerce, product, or service providers through which we provide access to register for our Service.
Your Information may be transferred, sold, or otherwise conveyed (""Conveyed"") to a third party where we: (i) merge with or are acquired by another business entity; (ii) sell all or substantially all of our assets; (iii) are adjudicated bankrupt; or (iv) are liquidated or otherwise reorganize."
UNSPECIFIED_DATA,commerce provider,,"You may also separately provide Information to websites, retailers or other commerce, product, or service providers through which we provide access to register for our Service."
UNSPECIFIED_DATA,partner organization,,"B.  Disclosing Your Information

Partner Organizations .  We may provide certain Information to our partners, including partner organizations to perform data analysis and product development or improvement; and for research, which may involve collaborators, contractors, and other partner organizations subject to agreement with participating researchers and confidentiality restrictions."
UNSPECIFIED_DATA,retailer,,"You may also separately provide Information to websites, retailers or other commerce, product, or service providers through which we provide access to register for our Service."
UNSPECIFIED_DATA,thalamus,"analytics, services","This Information is used by Thalamus for the operation of the Services, to maintain quality of the Services, and to provide general statistics regarding use of the Services."
UNSPECIFIED_DATA,we,"advertising, analytics, legal, security, services","Additionally, we may provide your Information to our partners in order to provide Users with selected retail and other types of offers.
As such, the Services collect Information and process and store that Information in databases located in the United States.
B.  Disclosing Your Information

Disclosure of Information for Legal and Administrative Reasons .  We may disclose your Information without notice:  (i) when required by law or to comply with a court order, subpoena, search warrant, or other legal process; (ii) to cooperate or undertake an internal or external investigation or audit; (iii) to comply with legal, regulatory, or administrative requirements of governmental authorities (including, without limitation, requests from the governmental agency authorities to view your Information); (iv) to protect and defend the rights, property, or safety of us, our subsidiaries and affiliates, and any of their officers, directors, employees, attorneys, agents, contractors, and partners, and the website Service users; (v) to enforce or apply our Terms of Use; and (vi) to verify the identity of the user of our Services.
B.  Disclosing Your Information

Information Shared with our Subsidiaries and Affiliates . We may share your Information with our subsidiaries and affiliates.
B.  Disclosing Your Information

Partner Organizations .  We may provide certain Information to our partners, including partner organizations to perform data analysis and product development or improvement; and for research, which may involve collaborators, contractors, and other partner organizations subject to agreement with participating researchers and confidentiality restrictions.
B.  Disclosing Your Information

With Your Consent . We may disclose Information consistent with this Privacy Policy with your consent.
In using our Services, you may provide us with Information, including, without limitation:
Some of those entities may share with us certain information that you provide to them.
To help protect your privacy and maintain security, if you request access to or deletion of your Information, we will take steps and may require you to provide certain information to verify your identity before granting you access to your Information or complying with your request.
We may also receive Information from the AAMC.
We may also use Information we receive from partners such as the AAMC to provide Services to you and for data analysis and research that we share with Users and the general public.
We may disclose your Information as set forth in the Privacy Policy and in the following circumstances:
We may disclose your Information to third-party service providers that perform certain functions or services on our behalf  (such as to host the Services, manage databases, perform analyses, process credit card payments, provide customer service, or send communications for us ).
We may share your Information on an aggregated basis for any purpose, including but not limited to for research purposes which may involve collaborators and contractors, in which your specific Information is blinded, masked, or otherwise not identifiable.
We use and process your Information for things that may include, but are not limited to, the following:
We will retain and use your Information as necessary to comply with our legal obligations, resolve disputes, and enforce our agreements.  In accordance with our routine record keeping, we may delete certain records that contain Information you have submitted to us.
We will retain your Information for as long as needed to provide you Services, and as necessary to comply with our legal obligations, resolve disputes, and enforce our policies."
aggregate survey information,UNSPECIFIED_ACTOR,"advertising, security, services","However, we may share aggregate survey or contest result information with third parties."
aggregate survey information,we,"advertising, analytics, legal, security, services","However, we may share aggregate survey or contest result information with third parties."
analytic information,we,"advertising, analytics, legal, security, services","We may disclose this Information to track an individual End User's movement and use of the Services.
We sometimes utilize third party service providers to help us track analytics information."
applicant datum,administrator of residency program,,"Further, as part of their use of the Services, and subject to the administrator's determination that such data sharing is permitted under the third party's terms of use, administrators of residency programs may pull applicant data directly from third parties that they have access to, including ERAS and ACGME, and provide this Information to Thalamus."
applicant datum,thalamus,"analytics, services","Further, as part of their use of the Services, and subject to the administrator's determination that such data sharing is permitted under the third party's terms of use, administrators of residency programs may pull applicant data directly from third parties that they have access to, including ERAS and ACGME, and provide this Information to Thalamus."
citizenship,we,"advertising, analytics, legal, security, services","We may process the following categories of sensitive information when you use our Services:

Citizenship and immigration status."
cookie / pixel tag,we,"advertising, analytics, legal, security, services","II.  INFORMATION WE COLLECT ABOUT YOU

C.  Cookies & Technologies Used to Collect Information About You
We also use web beacons in HTML emails that we send to determine whether the recipients have opened those emails and/or clicked on links in those emails.
We may collect the following categories of information about you which are described in more detail below:  (A) information you provide to us, (B) information we may automatically collect, (C) cookies and technologies used to collect information about you, and (D) information we may receive from third parties.
We may collect this Information by using certain technologies, such as cookies, web beacons, pixels, software developer kits, third party libraries, and other similar technologies."
date,we,"advertising, analytics, legal, security, services","II.  INFORMATION WE COLLECT ABOUT YOU

B.  Information We May Automatically Collect About You

Date and time of your visit or use of our Services;
Our Services may automatically collect the following categories of usage and technical Information about you."
datum identify web page you visit to,we,"advertising, analytics, legal, security, services","Data identifying the web pages you visited prior to and after visiting our website or use of our Services;
Our Services may automatically collect the following categories of usage and technical Information about you."
domain server from you use service,we,"advertising, analytics, legal, security, services","II.  INFORMATION WE COLLECT ABOUT YOU

B.  Information We May Automatically Collect About You

Domain server from which you are using our Services;
Our Services may automatically collect the following categories of usage and technical Information about you."
geolocation,we,"advertising, analytics, legal, security, services",".  If you access our Services through our mobile application, we may automatically collect Information about your device, your phone number, and your physical location.
We may process the following categories of sensitive information when you use our Services:

Geolocation data, such as your physical location if you have enabled location services on your device;"
immigration status,we,"advertising, analytics, legal, security, services","We may process the following categories of sensitive information when you use our Services:

Citizenship and immigration status."
information consistent,we,"advertising, analytics, legal, security, services","B.  Disclosing Your Information

With Your Consent . We may disclose Information consistent with this Privacy Policy with your consent."
information de,we,"advertising, analytics, legal, security, services",We may also use Information that has been de-identified and/or aggregated for purposes not otherwise listed above.
information deem,we,"advertising, analytics, legal, security, services","II.  INFORMATION WE COLLECT ABOUT YOU

Sensitive Information .  We may need to collect or process Information that is deemed ""sensitive information"" or ""sensitive data"" under certain laws."
information provide in connection with text messaging service,we,"advertising, analytics, legal, security, services","a.  By providing prior express and/or prior express written consent, you agree to receive text messages under the Telephone Consumer Protection Act and related state laws, including by the use of an automatic telephone dialing system (""ATDS"") to deliver text messages to the mobile phone number which you provided to Thalamus While you consent to receive messages sent using an ATDS (or ""autodialer""), the foregoing shall not be interpreted to suggest or imply that any or all of Thalamus mobile messages are sent using an autodialer.  We will use the Information provided by you in connection with the text messaging services in accordance with this Privacy Policy.  Your consent is not a condition of any purchase or use of our Services and your consent to be contacted as described is voluntary.   The number of text messages you receive may vary based upon the text messaging services you sign up for.   Message and data rates may apply."
information receive from partner,we,"advertising, analytics, legal, security, services","In addition, to the extent permitted under relevant agreements, we may use Information received from partners for improvements to products or the Services, as well as the development of future products or services."
information we collect,we,"advertising, analytics, legal, security, services","We may collect the following categories of information about you which are described in more detail below:  (A) information you provide to us, (B) information we may automatically collect, (C) cookies and technologies used to collect information about you, and (D) information we may receive from third parties."
information we collect about you,we,"advertising, analytics, legal, security, services","II.  INFORMATION WE COLLECT ABOUT YOU
We may collect this Information by using certain technologies, such as cookies, web beacons, pixels, software developer kits, third party libraries, and other similar technologies."
information we receive from third party,we,"advertising, analytics, legal, security, services","We may collect the following categories of information about you which are described in more detail below:  (A) information you provide to us, (B) information we may automatically collect, (C) cookies and technologies used to collect information about you, and (D) information we may receive from third parties."
internet activity,service provider operate on behalf,,"We and/or certain service providers operating on our behalf may collect information about your activity, or activity on devices associated with you over time, on our sites and applications, and across non-affiliated websites or online applications."
internet activity,we,"advertising, analytics, legal, security, services","We and/or certain service providers operating on our behalf may collect information about your activity, or activity on devices associated with you over time, on our sites and applications, and across non-affiliated websites or online applications."
ip address,we,"advertising, analytics, legal, security, services","II.  INFORMATION WE COLLECT ABOUT YOU

B.  Information We May Automatically Collect About You

IP address, which is the number associated with the service through which you access the Internet, like your ISP (internet service provider);
Our Services may automatically collect the following categories of usage and technical Information about you."
log of comment you post,we,"advertising, analytics, legal, security, services","For our internal purposes, we may retain logs of all comments or messages that you post or send through our Services or via any partner or customer facilities."
logo,UNSPECIFIED_ACTOR,"advertising, security, services","In addition to marketing and advertising, our partners may use your data for services that include but are not limited to, verification, validation, reference, lookup, risk mitigation and data enhancement (collectively, these are known as ""Permitted Partner Uses"").   We may also use your personal contact information to contact you to further discuss your interest in the Service, to send you information about us or our partners, to identify your company/organization as a customer, and to use your company/organization's name and/or logo on our website and in our marketing materials."
movement,we,"advertising, analytics, legal, security, services","II.  INFORMATION WE COLLECT ABOUT YOU

B.  Information We May Automatically Collect About You

Your movement and activity within the website, which is aggregated with other Information, including but not limited to what elements of the Services you use and other users you interact with; and
Our Services may automatically collect the following categories of usage and technical Information about you."
offline activity,we,"advertising, analytics, legal, security, services","SJ Medconnect, Inc. (hereinafter referred to as ""Thalamus,"" ""us,"" ""we,"" ""our,"" or ""Company"") created this Privacy Policy to apply to users of our websites, including but not limited to this website www.thalamusgme.com and all digital assets contained, or offered therein (""Website""), our applications and platforms, and through any offline activities (collectively, our ""Services""), except as described below."
person name,UNSPECIFIED_ACTOR,"advertising, security, services","In addition to marketing and advertising, our partners may use your data for services that include but are not limited to, verification, validation, reference, lookup, risk mitigation and data enhancement (collectively, these are known as ""Permitted Partner Uses"").   We may also use your personal contact information to contact you to further discuss your interest in the Service, to send you information about us or our partners, to identify your company/organization as a customer, and to use your company/organization's name and/or logo on our website and in our marketing materials."
personal information,thalamus,"analytics, services","If you are a customer or partner of Thalamus (""Customer""), Thalamus may collect personal information as defined under applicable laws from your organization or your organization's users (""Users"") to the extent that you've integrated your application or services with our Services or otherwise provided personal information to Thalamus."
personal information collect via survey,thalamus,"analytics, services","B.  Disclosing Your Information

Survey Data .  Any Personal Information collected via survey will be used only by Thalamus unless we specify otherwise when we ask you to participate in a survey."
phone number,we,"advertising, analytics, legal, security, services",".  If you access our Services through our mobile application, we may automatically collect Information about your device, your phone number, and your physical location."
racial information,we,"advertising, analytics, legal, security, services","We may process the following categories of sensitive information when you use our Services:

Racial or ethnic origin information;"
recur automated promotional marketing text message,UNSPECIFIED_ACTOR,"advertising, security, services","By using our Services, signing up for text messaging services or otherwise opting in to receive text messages (opting in via short code or entering your phone number into an on-site collection widget), you agree that you have provided Thalamus or its third-party service providers with prior express written consent to be contacted by text message, including recurring automated promotional and personalized marketing text messages."
recur automated promotional marketing text message,thalamus,"analytics, services","By using our Services, signing up for text messaging services or otherwise opting in to receive text messages (opting in via short code or entering your phone number into an on-site collection widget), you agree that you have provided Thalamus or its third-party service providers with prior express written consent to be contacted by text message, including recurring automated promotional and personalized marketing text messages."
retargete pixel from google,we,"advertising, analytics, legal, security, services","Website pages may contain small electronic files known as web beacons (also referred to as clear gifs, pixel tags, and single-pixel gifs) that permit us, for example, to count users who have visited those pages and for other related statistics (for example , recording the popularity of certain content and verifying system and server integrity).  We also use these technical methods to analyze the traffic patterns, such as the frequency with which our users visit various parts of the Services.  These technical methods may involve the transmission of Information either directly to us or to a third party authorized by us to collect Information on our behalf.  Our Services use retargeting pixels from Google, Facebook, and other ad networks."
sj medconnect inc.,we,"advertising, analytics, legal, security, services","IX.  EXERCISING YOUR DATA SUBJECT RIGHTS

Write us: SJ Medconnect, Inc."
ssn,we,"advertising, analytics, legal, security, services","We may process the following categories of sensitive information when you use our Services:

Social Security number;"
technical information about you,we,"advertising, analytics, legal, security, services",Our Services may automatically collect the following categories of usage and technical Information about you.
user member name you use with product,UNSPECIFIED_ACTOR,"advertising, security, services","Depending on the particular promotion, when you register for the Service through such a promotional partner of ours, that partner may provide us with a user/member name that you already use with that partner's products or services or that you or it have otherwise pre-selected as part of the promotion."
user member name you use with product,we,"advertising, analytics, legal, security, services","Depending on the particular promotion, when you register for the Service through such a promotional partner of ours, that partner may provide us with a user/member name that you already use with that partner's products or services or that you or it have otherwise pre-selected as part of the promotion."
