data_type,collector,purpose,text
UNSPECIFIED_DATA,we,services,"We use your data to provide and improve the Website, Services & Documentation."
access,we,"services, analytics","Notwithstanding anything else in this Privacy Notice, if you provide the Services access to your Google Workspace data, the Services' use of that data will be subject to these additional restrictions: The Services will only use access to read a list of domains managed by Google Workspace, read data about the number of Google Workspace licenses allocated, read organisational unit structures, read user email addresses and associated attributes such as line manager, read access tokens and audit log data to process which applications a user has accessed, view and manage group membership, view and manage groups in your Google Workspace, enable you to manage user provisioning and deprovisioning processes in your Google Workspace, including but not limited to data transfer between user accounts."
collect datum,we,"services, analytics, advertising, security",We use the collected data for various purposes:
contact information,we,"services, analytics, advertising, security","While using our Service, we may ask you to provide us with certain personally identifiable information that can be used to contact or identify you (""Personal Data"")."
information on,we,"services, analytics, advertising, security","We may also collect information on how the Website, Services or Documentation is accessed and used (""Usage Data"")."
personal information,UNSPECIFIED_ACTOR,services,These third parties have access to your Personal Data only to perform these tasks on our behalf and are obligated not to disclose or use it for any other purpose.
personal information,trelica limited,legal,Trelica Limited may process your Personal Data because:
personal information,we,"services, analytics, advertising, security","We may disclose your Personal Data if required to do so by law or in response to valid requests by public authorities (e.g. a court or a government agency).
We may disclose your Personal Data in the good faith belief that such action is necessary to:
We may obtain information, including Personal Data, from third parties and sources other than the Service, such as our Integrated Services.
We may use your Personal Data to contact you with newsletters, marketing or promotional materials and other information that may be of interest to you.
We will retain and use your Personal Data to the extent necessary to comply with our legal obligations (for example, if we are required to retain your data to comply with applicable laws), resolve disputes and enforce our legal agreements and policies.
We will retain your Personal Data only for as long as is necessary for the purposes set out in this Privacy Policy.
While using our Service, we may ask you to provide us with certain personally identifiable information that can be used to contact or identify you (""Personal Data"")."
several different type,we,"services, analytics, advertising, security",We collect several different types of information for various purposes to provide and improve our Service to you.
