data_type,collector,purpose,text
UNSPECIFIED_DATA,UNSPECIFIED_ACTOR,,We may share your information with these third parties as part of our business operations.
UNSPECIFIED_DATA,we,,We may share your information with these third parties as part of our business operations.
cookie / pixel tag,we,services,"We value your privacy

This website uses cookies to ensure you get the best experience on our website."
user datum in company specific database,company with tutorcruncher account,,A company with a TutorCruncher account will only have access to the user data in its company-specific database.
