data_type,collector,purpose,text
UNSPECIFIED_DATA,UNSPECIFIED_ACTOR,,We may share your information with third parties if you have given us permission to do so.
UNSPECIFIED_DATA,we,legal,"For Legal Reasons: We may disclose your information if required by law or to protect the rights, property, or safety of Umweltify, our users, or others.
This Privacy Policy explains how we collect, use, disclose, and safeguard your information when you use our app integrated with Zoom.
We may share your information with third parties if you have given us permission to do so."
datum about you,we,legal,We may collect and process the following data about you:
information we collect,we,legal,We use the information we collect in the following ways:
umweltify,we,legal,"Umweltify (""we,"" ""us,"" ""our"") is committed to protecting your privacy."
