data_type,collector,purpose,text
UNSPECIFIED_DATA,copy of personal datum,,"Moreover, you can receive a copy of your personal data or ask Upheal to transmit that data to another controller, where technically feasible."
UNSPECIFIED_DATA,supplier outside european economic area,,"If you use our services from the EU, Switzerland or the UK, we inform you that your data is transferred to our suppliers outside the European Economic Area and the UK, in particular in the U.S."
UNSPECIFIED_DATA,we,,We will use your:
google user data,UNSPECIFIED_ACTOR,,"We will only transfer your Google User Data to unaffiliated third parties (a) if necessary to provide or improve user-facing features that are prominent in the services' user interface, (b) as necessary to comply with applicable law or (c) as part of a merger, acquisition or sale of assets with notice to you."
google user data,we,services,"Restrictions apply to this use of this data include: We will use your Google User Data only to provide user-facing features of the services that are prominent in the services' user interface.
We will only transfer your Google User Data to unaffiliated third parties (a) if necessary to provide or improve user-facing features that are prominent in the services' user interface, (b) as necessary to comply with applicable law or (c) as part of a merger, acquisition or sale of assets with notice to you."
personal information,we,services,What personal data do we process?
