data_type,collector,purpose,text
auditor,professional advisor,,"We share personal data with: Our professional advisors (such as lawyers or auditors) and in each case, only where such disclosure is subject to the highest level of security and confidentiality"
different kind of personal datum about you be,we,,"Privacy Policy

We collect, use, store and transfer different kinds of personal data about you which is vital for us to provide you with our Services."
exclusive offer,we,"advertising, services","If you are one of our business customers, we may use your personal data to send you updates by email, text message, telephone, or post about our Services, including exclusive offers, promotions, or new Services ."
new service,we,"advertising, services","If you are one of our business customers, we may use your personal data to send you updates by email, text message, telephone, or post about our Services, including exclusive offers, promotions, or new Services ."
promotion,we,"advertising, services","If you are one of our business customers, we may use your personal data to send you updates by email, text message, telephone, or post about our Services, including exclusive offers, promotions, or new Services ."
upvio,we,"advertising, services","This privacy notice for Upvio (""we"", ""us"", or ""our"") describes how and why we collect, store, use and share your personal data when you use our software technology and services (together, the ""Services"").  It also explains your rights in relation to your personal data and how to contact us or supervisory authorities should you have a complaint."
