data_type,collector,purpose,text
UNSPECIFIED_DATA,UNSPECIFIED_ACTOR,,"Personal data collected by this site and the reasons for its collection

Embedded content from other sites

These sites may collect your data, use cookies, embed additional tracking by third parties, and monitor your interaction with embedded content."
browser user agent string,we,security,"When a visitor leaves a comment on this site, we collect the data displayed on the comment form, as well as the IP address and browser user agent string to help detect spam."
cookie / pixel tag,UNSPECIFIED_ACTOR,,"Personal data collected by this site and the reasons for its collection

Embedded content from other sites

These sites may collect your data, use cookies, embed additional tracking by third parties, and monitor your interaction with embedded content."
datum display on comment form,we,security,"When a visitor leaves a comment on this site, we collect the data displayed on the comment form, as well as the IP address and browser user agent string to help detect spam."
email address,Automattic,analytics,"Personal data collected by this site and the reasons for its collection

comment

Anonymized (also known as a ""hash"") string created from your email address may be provided to the Gravatar service to determine if you are using it."
ip address,we,security,"When a visitor leaves a comment on this site, we collect the data displayed on the comment form, as well as the IP address and browser user agent string to help detect spam."
personal datum collect,Automattic,analytics,"Personal data collected by this site and the reasons for its collection

comment

Anonymized (also known as a ""hash"") string created from your email address may be provided to the Gravatar service to determine if you are using it."
personal information they provide on user profile page,we,security,"If there are users registered on this site, we will save the personal information they provide on their user profile page."
