data_type,collector,purpose,text
UNSPECIFIED_DATA,UNSPECIFIED_ACTOR,,"Where applicable, we will use any information submitted by you in the following ways: To share your information with third party contractors hired by us to perform functions and provide services to us subject to the obligations consistent with this Privacy Policy."
credit / debit card number,we,,We may also collect your relevant payment or credit card information if you wish to pay for any services offered via the Platform.
information submit,we,,"Where applicable, we will use any information submitted by you in the following ways:"
non-personal information,we,,"At Viva Translate, we collect personally identifiable information (""PII"") and non-personally identifiable (""Non-PII"") information from you."
