data_type,collector,purpose,text
ai model,we,services,"We use AI models to process your notes, but we do not send any of your information for training purposes, and your notes remain absolutely private within your account."
browser type,we,services,"We record your IP address, browser type, operating system, and device type when you use our services"
browsing / search history,we,services,"3. Information We Do Not Share

Search History: We keep your search history confidential."
cookie / pixel tag,we,services,We use cookies to improve site functionality and user experience.
device type,we,services,"We record your IP address, browser type, operating system, and device type when you use our services"
ip address,we,services,"We record your IP address, browser type, operating system, and device type when you use our services"
operating system,we,services,"We record your IP address, browser type, operating system, and device type when you use our services"
