data_type,collector,purpose,text
UNSPECIFIED_DATA,we,,"While we are under no obligation to do so (and while we typically delete your data immediately and permanently when you cancel), we may retain your data for up to one year after you have cancelled (in the form of off-site backups)."
assistance,we,"legal, security","If you become aware of any violation of this Policy, you will immediately notify us and provide us with assistance, as requested, to stop or remedy the violation."
cookie / pixel tag,we,"legal, security, services","On some of our services, we use cookies to give you the best possible experience--such as to allow you to remain logged in instead of having to log in repeatedly."
information we collect from individual,we,"legal, security, services",We use the information we collect from individuals only to allow them to access and use our programs or to service their subscriptions.
