data_type,collector,purpose,text
UNSPECIFIED_DATA,we,,"We want to inform you that whenever you use our Service, in a case of an error in the app we collect data and information (through third party products) on your phone called Log Data."
cookie / pixel tag,we,services,We use cookies to provide you with a great experience and to help our website run effectively.
information we request,we,services,The information that we request will be retained by us and used as described in this privacy policy.
personal identifier,we,services,"For a better experience, while using our Service, we may require you to provide us with certain personally identifiable information."
personal information,UNSPECIFIED_ACTOR,,we want to inform users of this Service that these third parties have access to your Personal Information.
personal information,we,services,"In the case we discover that a child under 13 has provided us with personal information, we immediately delete this from our servers."
third party code,we,services,"However, the app may use third party code and libraries that use ""cookies"" to collect information and improve their services."
