data_type,collector,purpose,text
UNSPECIFIED_DATA,UNSPECIFIED_ACTOR,"advertising, analytics","Affiliates We may disclose your information to current or future affiliates or subsidiaries for research, marketing, and other purposes consistent with this Privacy Notice.
We may transfer your data to third parties in countries outside the European Economic Area.
We share data with third parties when the transfer has been authorised directly and explicitly by you, the user."
UNSPECIFIED_DATA,current affiliate,"advertising, analytics","Affiliates We may disclose your information to current or future affiliates or subsidiaries for research, marketing, and other purposes consistent with this Privacy Notice."
UNSPECIFIED_DATA,we,"advertising, analytics, legal, security, services","Affiliates We may disclose your information to current or future affiliates or subsidiaries for research, marketing, and other purposes consistent with this Privacy Notice.
For example, with your consent, you may link your Wooclap account with your Google, Facebook or LinkedIn account, or other similar service, which allows us to obtain information from those accounts (like your basic profile or contacts).
However, we may have to keep your data for longer if we have a legal obligation or a legitimate interest for doing so (e.g., obligation to retain your data in the framework of a criminal investigation or for tax purposes).
Protecting Rights and Interest We will use your information to protect our rights and interests as well as the rights and interests of our users and any other person, as well as to enforce this Notice or our Terms of Service.
These data are inadvertently collected by us as they are directly necessary to, or derive from the services you request from us:
We also may use your information to manage our business or perform functions as otherwise described to you at the time of collection subject to your consent.
We collect information directly from your use of the platform.
We may transfer your data to third parties in countries outside the European Economic Area.
We may use your information to comply with applicable legal or regulatory obligations, including formal requests from law enforcement or other governmental authorities.
We process information on behalf of our customers who have legitimate interests in operating their businesses.
We share data with third parties when the transfer has been authorised directly and explicitly by you, the user.
We will also use your information to respond to your questions, comments and inquiries.
We will use your information to provide our Platform and services to you; to facilitate interactivity between Wooclap creators and Wooclap participants; to manage your account; to respond to your inquiries; and for other customer service and support purposes.
Wooclap may also collect data in relation to your use of the Wooclap platform or any other feature on our website."
answer,we,"advertising, analytics, legal, security, services","These data are inadvertently collected by us as they are directly necessary to, or derive from the services you request from us:

Answers you have given to questions (derived properties such as your scores on the questions, rankings, ...) and messages sent to professors"
browser type,we,"advertising, analytics, legal, security, services","Cookies further enable us to collect information, such as your browser type and version, your internet service provider, your IP address, the various pages you are visiting on our website or other websites you may have visited."
comprehensive answer,we,"advertising, analytics, legal, security, services","Furthermore, within a period of one month, we will provide you either with a comprehensive answer or with clear reasons why answering to the request may take longer than anticipated."
content datum,we,"advertising, analytics, legal, security, services","These data are inadvertently collected by us as they are directly necessary to, or derive from the services you request from us:

Content data."
cookie / pixel tag,we,"advertising, analytics, legal, security, services","Privacy policy and data protection

Changes to the notice

We use cookies to improve the general experience on the platform, provide users with chat support and deliver targeted ads on other websites.
These data are inadvertently collected by us as they are directly necessary to, or derive from the services you request from us:

Cookies and other tracking devices
We use different types of cookies: Strictly necessary cookies
When you are using our website, we collect personal data you passively provide to us in the form of cookies and other similar technologies."
credit / debit card number,Stripe,,"Payment information (only applicable for online subscriptions): if you purchase a premium version of Wooclap, our third-party payment processor (Stripe) will collect and store your billing address and credit card information."
credit / debit card number,third party payment processor,,"Payment information (only applicable for online subscriptions): if you purchase a premium version of Wooclap, our third-party payment processor (Stripe) will collect and store your billing address and credit card information."
credit / debit card number,we,"advertising, analytics, legal, security, services","We only store the last four digits of your credit card number, card type and the expiration date, and your billing address information."
information result from event you create,we,"advertising, analytics, legal, security, services","We collect information resulting from the events you have created or participated in, but also from your interactions with us through our Chatbox."
information you provide we through chatbox,we,"advertising, analytics, legal, security, services","These data are inadvertently collected by us as they are directly necessary to, or derive from the services you request from us:

Any information you are providing us through our Chatbox"
ip address,we,"advertising, analytics, legal, security, services","Cookies further enable us to collect information, such as your browser type and version, your internet service provider, your IP address, the various pages you are visiting on our website or other websites you may have visited."
message send to professor,we,"advertising, analytics, legal, security, services","These data are inadvertently collected by us as they are directly necessary to, or derive from the services you request from us:

Answers you have given to questions (derived properties such as your scores on the questions, rankings, ...) and messages sent to professors"
payment information you provide to we,we,"advertising, analytics, legal, security, services","For online subscriptions, we use the payment information you provide to us in order to alert you of past, current, and upcoming charges, to allow us to present the billing history to you on your billing page in the platform, and to perform internal financial processes, such as looking at the status of a credit card charge."
personal information,service providers,services,"For example, we may engage Service Providers to provide services such as marketing, advertising, communications, infrastructure and IT services, to provide customer service, and to analyze and enhance data (including data about users' interactions with our service).
These Service Providers may have access to your personal or other information in order to provide these functions."
personal information,we,"advertising, analytics, legal, security, services","In such cases, we will no longer process the personal data unless we can demonstrate compelling legitimate grounds for the processing which override your interests, rights and freedoms or the processing is necessary for the establishment, exercise or defence of legal claims.
These rights include: Right to restriction of processing You have the right to obtain from us restriction to processing your personal data if one of the following conditions applies: We no longer need the personal data for the purposes for which it was collected but you need it for the establishment, exercise or defence of legal claims
To communicate with you We may process your personal data in order to:
We may also collect personal data about you from publicly available sources and combine it with information that we are automatically collecting from you.
We may use technical information as described in this Notice and use personal information for our marketing purposes consistent with our legitimate interests and any choices that we offer or consents that may be required under applicable law.
We may use your personal information as described in this Notice subject to your consent.
We may use your personal information for our legitimate interests to provide our application and services while ensuring that we process your data securely, as well as with a view to improving our services and the content on our application.
We need to collect and process personal data to fully satisfy your needs and optimize the way you use our application and website.
We retain the personal data we collect for so long as reasonably necessary to fulfill the purposes for which the data was collected, to perform our contractual and legal obligations, and for any applicable statute of limitations periods for the purposes of bringing and defending claims.
We will collect personal data directly from you in order to be able to send you our newsletters.
Within the limits of the applicable laws, we share your personal data to authorities, law enforcement and government agencies upon their request in order to prevent criminal activities, meet national security requirements or respect law enforcement injunctions.
Wooclap collects your personal data for the following purposes: For technical purposes We will use your personal data to prevent, detect and solve any technical issues and IT incidents.
you provide us directly by creating an account You provide us directly with personal information when you create an account on the Wooclap platform."
personal information of wooclap users,we,"advertising, analytics, legal, security, services","We rely on the following legal grounds to process your personal information: Performance of a contract We may need to collect and use the personal information of Wooclap Users, as applicable, to perform our contractual obligations."
postal address,Stripe,,"Payment information (only applicable for online subscriptions): if you purchase a premium version of Wooclap, our third-party payment processor (Stripe) will collect and store your billing address and credit card information."
postal address,third party payment processor,,"Payment information (only applicable for online subscriptions): if you purchase a premium version of Wooclap, our third-party payment processor (Stripe) will collect and store your billing address and credit card information."
postal address,we,"advertising, analytics, legal, security, services","We only store the last four digits of your credit card number, card type and the expiration date, and your billing address information."
technical information,we,"advertising, analytics, legal, security, services",We may use technical information as described in this Notice and use personal information for our marketing purposes consistent with our legitimate interests and any choices that we offer or consents that may be required under applicable law.
type of information,we,"advertising, analytics, legal, security, services","In order to successfully create an account and access our application and other features in a secure and confidential manner under your full control, you are required to provide us with certain types of information."
version,we,"advertising, analytics, legal, security, services","Cookies further enable us to collect information, such as your browser type and version, your internet service provider, your IP address, the various pages you are visiting on our website or other websites you may have visited."
