data_type,collector,purpose,text
UNSPECIFIED_DATA,we,"advertising, analytics","- For other purposes: We may use Your information for other purposes, such as data analysis, identifying usage trends, determining the effectiveness of our promotional campaigns and to evaluate and improve our Service, products, services, marketing and your experience.
Please note, however, that We may need to retain certain information when we have a legal obligation or lawful basis to do so.
When You access the Service by or through a mobile device, We may collect certain information automatically, including, but not limited to, the type of mobile device You use, Your mobile device unique ID, the IP address of Your mobile device, Your mobile operating system, unique device identifiers and other diagnostic data."
contact information,we,"advertising, analytics","While using Our Service, We may ask You to provide Us with certain personally identifiable information that can be used to contact or identify You."
email address,we,"advertising, analytics, services",The app requires the user to provide us his mobile number and email address (on with whichever the user signed up) to create a Quadruple account.
information browser send,we,"advertising, analytics, services",We may also collect information that Your browser sends whenever You visit our Service or when You access the Service by or through a mobile device.
information collect,we,"advertising, analytics, services","Information Collected while Using the Application
We use this information to provide features of Our Service, to improve and customize Our Service."
information we request,we,"advertising, analytics, services",The information that we request will be retained by us and used as described in this privacy policy.
personal identifier,we,"advertising, analytics, services","For a better experience, while using Quadruple app, we may require you to provide us the access to your device's contacts, camera, and storage as well as certain personally identifiable information.
While using Our Service, We may ask You to provide Us with certain personally identifiable information that can be used to contact or identify You."
personal information,we,"advertising, analytics, services",The Company may use Personal Data for the following purposes:
phone number,we,"advertising, analytics, services",The app requires the user to provide us his mobile number and email address (on with whichever the user signed up) to create a Quadruple account.
