data_type,collector,purpose,text
Facebook,social media,,"In addition, we use plugins from social networks such as Facebook, X (Twitter), YouTube, Pinterest or Instagram on our websites."
Pinterest,social media,,"In addition, we use plugins from social networks such as Facebook, X (Twitter), YouTube, Pinterest or Instagram on our websites."
Twitter,social media,,"In addition, we use plugins from social networks such as Facebook, X (Twitter), YouTube, Pinterest or Instagram on our websites."
UNSPECIFIED_DATA,UNSPECIFIED_ACTOR,,"In the context of our business activities and in line with the purposes of the data processing set out in Section 3, we may transfer data to third parties, insofar as such a transfer is permitted and we deem it appropriate, in order for them to process data for us or, as the case may be, their own purposes."
UNSPECIFIED_DATA,we,,"Apart from data you provided to us directly, the categories of data we receive about you from third parties include, but are not limited to, information from public registers, data received in connection with administrative or court proceedings, information in connection with your professional role and activities (e.g., in order to conclude and carry out contracts with your employer), information about you in correspondence and discussions with third parties, credit rating information (if we conduct business activities with you personally), information about you given to us by individuals associated with you (family, consultants, legal representatives, etc.) in order to conclude or process contracts with you or with your involvement (e.g. references, your delivery address, powers of attorney), information regarding legal regulations such as anti money laundering and export restrictions, bank details, information regarding insurances, our distributors and other business partners for the purpose of ordering or delivering services to you or by you (e.g., payments made, previous purchases), information about you found in the media or internet (insofar as indicated in the specific case, e.g. in connection with job applications, media reviews, marketing/sales, etc.), your address and any interests and other socio-demographic data (for marketing purposes), data in connection with your use of our websites (e.g., IP address, MAC address of your smartphone or computers, information regarding your device and settings, cookies, date and time of your visit, sites and content retrieved, applications used, referring website, localization data).
If you provide us with personal data of other persons (such as family members, work colleagues), please make sure the respective persons are aware of this Data Protection Statement and only provide us with their data if you are allowed to do so and such personal data is correct.
In the context of our business activities and in line with the purposes of the data processing set out in Section 3, we may transfer data to third parties, insofar as such a transfer is permitted and we deem it appropriate, in order for them to process data for us or, as the case may be, their own purposes."
application use,we,"legal, services, advertising, analytics, security","Apart from data you provided to us directly, the categories of data we receive about you from third parties include, but are not limited to, information from public registers, data received in connection with administrative or court proceedings, information in connection with your professional role and activities (e.g., in order to conclude and carry out contracts with your employer), information about you in correspondence and discussions with third parties, credit rating information (if we conduct business activities with you personally), information about you given to us by individuals associated with you (family, consultants, legal representatives, etc.) in order to conclude or process contracts with you or with your involvement (e.g. references, your delivery address, powers of attorney), information regarding legal regulations such as anti money laundering and export restrictions, bank details, information regarding insurances, our distributors and other business partners for the purpose of ordering or delivering services to you or by you (e.g., payments made, previous purchases), information about you found in the media or internet (insofar as indicated in the specific case, e.g. in connection with job applications, media reviews, marketing/sales, etc.), your address and any interests and other socio-demographic data (for marketing purposes), data in connection with your use of our websites (e.g., IP address, MAC address of your smartphone or computers, information regarding your device and settings, cookies, date and time of your visit, sites and content retrieved, applications used, referring website, localization data)."
bank detail,we,,"Apart from data you provided to us directly, the categories of data we receive about you from third parties include, but are not limited to, information from public registers, data received in connection with administrative or court proceedings, information in connection with your professional role and activities (e.g., in order to conclude and carry out contracts with your employer), information about you in correspondence and discussions with third parties, credit rating information (if we conduct business activities with you personally), information about you given to us by individuals associated with you (family, consultants, legal representatives, etc.) in order to conclude or process contracts with you or with your involvement (e.g. references, your delivery address, powers of attorney), information regarding legal regulations such as anti money laundering and export restrictions, bank details, information regarding insurances, our distributors and other business partners for the purpose of ordering or delivering services to you or by you (e.g., payments made, previous purchases), information about you found in the media or internet (insofar as indicated in the specific case, e.g. in connection with job applications, media reviews, marketing/sales, etc.), your address and any interests and other socio-demographic data (for marketing purposes), data in connection with your use of our websites (e.g., IP address, MAC address of your smartphone or computers, information regarding your device and settings, cookies, date and time of your visit, sites and content retrieved, applications used, referring website, localization data)."
collect datum,we,"legal, services","We primarily use collected data in order to conclude and process contracts with our clients and business partners, in particular in connection with providing guest list management software for live, virtual, and hybrid events to our clients and the procurement of products and services from our suppliers and subcontractors, as well as in order to comply with our domestic and foreign legal obligations."
content,we,"legal, services","Apart from data you provided to us directly, the categories of data we receive about you from third parties include, but are not limited to, information from public registers, data received in connection with administrative or court proceedings, information in connection with your professional role and activities (e.g., in order to conclude and carry out contracts with your employer), information about you in correspondence and discussions with third parties, credit rating information (if we conduct business activities with you personally), information about you given to us by individuals associated with you (family, consultants, legal representatives, etc.) in order to conclude or process contracts with you or with your involvement (e.g. references, your delivery address, powers of attorney), information regarding legal regulations such as anti money laundering and export restrictions, bank details, information regarding insurances, our distributors and other business partners for the purpose of ordering or delivering services to you or by you (e.g., payments made, previous purchases), information about you found in the media or internet (insofar as indicated in the specific case, e.g. in connection with job applications, media reviews, marketing/sales, etc.), your address and any interests and other socio-demographic data (for marketing purposes), data in connection with your use of our websites (e.g., IP address, MAC address of your smartphone or computers, information regarding your device and settings, cookies, date and time of your visit, sites and content retrieved, applications used, referring website, localization data)."
cookie / pixel tag,we,"legal, services, advertising, analytics",", we may use cookies in order to save user configurations and other information for a certain time period (e.g., two years) (""permanent cookies"").
Apart from data you provided to us directly, the categories of data we receive about you from third parties include, but are not limited to, information from public registers, data received in connection with administrative or court proceedings, information in connection with your professional role and activities (e.g., in order to conclude and carry out contracts with your employer), information about you in correspondence and discussions with third parties, credit rating information (if we conduct business activities with you personally), information about you given to us by individuals associated with you (family, consultants, legal representatives, etc.) in order to conclude or process contracts with you or with your involvement (e.g. references, your delivery address, powers of attorney), information regarding legal regulations such as anti money laundering and export restrictions, bank details, information regarding insurances, our distributors and other business partners for the purpose of ordering or delivering services to you or by you (e.g., payments made, previous purchases), information about you found in the media or internet (insofar as indicated in the specific case, e.g. in connection with job applications, media reviews, marketing/sales, etc.), your address and any interests and other socio-demographic data (for marketing purposes), data in connection with your use of our websites (e.g., IP address, MAC address of your smartphone or computers, information regarding your device and settings, cookies, date and time of your visit, sites and content retrieved, applications used, referring website, localization data).
We typically use "" cookies "" and similar techniques on our websites and apps, which allow for an identification of your browser or device.
We use permanent cookies for the purpose of saving user configuration (e.g., language, automated log in), in order to understand how you use our services and content, and to enable to show you customized offers and advertisement (which may also happen on websites of other companies; should your identity be known to us, such companies will not learn your identity from us; they will only know that the same user is visiting their website has previously visited a certain website)."
date,we,"legal, services, advertising, analytics","Apart from data you provided to us directly, the categories of data we receive about you from third parties include, but are not limited to, information from public registers, data received in connection with administrative or court proceedings, information in connection with your professional role and activities (e.g., in order to conclude and carry out contracts with your employer), information about you in correspondence and discussions with third parties, credit rating information (if we conduct business activities with you personally), information about you given to us by individuals associated with you (family, consultants, legal representatives, etc.) in order to conclude or process contracts with you or with your involvement (e.g. references, your delivery address, powers of attorney), information regarding legal regulations such as anti money laundering and export restrictions, bank details, information regarding insurances, our distributors and other business partners for the purpose of ordering or delivering services to you or by you (e.g., payments made, previous purchases), information about you found in the media or internet (insofar as indicated in the specific case, e.g. in connection with job applications, media reviews, marketing/sales, etc.), your address and any interests and other socio-demographic data (for marketing purposes), data in connection with your use of our websites (e.g., IP address, MAC address of your smartphone or computers, information regarding your device and settings, cookies, date and time of your visit, sites and content retrieved, applications used, referring website, localization data)."
datum on use of respective website,service provider,,The service provider only provides us with data on the use of the respective website (but not any personal information of you).
datum on use of respective website,we,"legal, services, advertising, analytics",The service provider only provides us with data on the use of the respective website (but not any personal information of you).
element,social media,,"If you activate them (by clicking on them), the operators of the respective social networks may record that you are on our website and where on our website you are exactly and may use this information for their own purposes.
We have configured these elements to be disabled by default."
guest detail,event form,,"Event Forms Collect RSVPs, consent, guest details and more"
information about you,we,"legal, services, advertising, analytics","Apart from data you provided to us directly, the categories of data we receive about you from third parties include, but are not limited to, information from public registers, data received in connection with administrative or court proceedings, information in connection with your professional role and activities (e.g., in order to conclude and carry out contracts with your employer), information about you in correspondence and discussions with third parties, credit rating information (if we conduct business activities with you personally), information about you given to us by individuals associated with you (family, consultants, legal representatives, etc.) in order to conclude or process contracts with you or with your involvement (e.g. references, your delivery address, powers of attorney), information regarding legal regulations such as anti money laundering and export restrictions, bank details, information regarding insurances, our distributors and other business partners for the purpose of ordering or delivering services to you or by you (e.g., payments made, previous purchases), information about you found in the media or internet (insofar as indicated in the specific case, e.g. in connection with job applications, media reviews, marketing/sales, etc.), your address and any interests and other socio-demographic data (for marketing purposes), data in connection with your use of our websites (e.g., IP address, MAC address of your smartphone or computers, information regarding your device and settings, cookies, date and time of your visit, sites and content retrieved, applications used, referring website, localization data)."
information about you find in medium,we,"legal, services, advertising, analytics","Apart from data you provided to us directly, the categories of data we receive about you from third parties include, but are not limited to, information from public registers, data received in connection with administrative or court proceedings, information in connection with your professional role and activities (e.g., in order to conclude and carry out contracts with your employer), information about you in correspondence and discussions with third parties, credit rating information (if we conduct business activities with you personally), information about you given to us by individuals associated with you (family, consultants, legal representatives, etc.) in order to conclude or process contracts with you or with your involvement (e.g. references, your delivery address, powers of attorney), information regarding legal regulations such as anti money laundering and export restrictions, bank details, information regarding insurances, our distributors and other business partners for the purpose of ordering or delivering services to you or by you (e.g., payments made, previous purchases), information about you found in the media or internet (insofar as indicated in the specific case, e.g. in connection with job applications, media reviews, marketing/sales, etc.), your address and any interests and other socio-demographic data (for marketing purposes), data in connection with your use of our websites (e.g., IP address, MAC address of your smartphone or computers, information regarding your device and settings, cookies, date and time of your visit, sites and content retrieved, applications used, referring website, localization data)."
interest,we,"legal, services, advertising, analytics","Apart from data you provided to us directly, the categories of data we receive about you from third parties include, but are not limited to, information from public registers, data received in connection with administrative or court proceedings, information in connection with your professional role and activities (e.g., in order to conclude and carry out contracts with your employer), information about you in correspondence and discussions with third parties, credit rating information (if we conduct business activities with you personally), information about you given to us by individuals associated with you (family, consultants, legal representatives, etc.) in order to conclude or process contracts with you or with your involvement (e.g. references, your delivery address, powers of attorney), information regarding legal regulations such as anti money laundering and export restrictions, bank details, information regarding insurances, our distributors and other business partners for the purpose of ordering or delivering services to you or by you (e.g., payments made, previous purchases), information about you found in the media or internet (insofar as indicated in the specific case, e.g. in connection with job applications, media reviews, marketing/sales, etc.), your address and any interests and other socio-demographic data (for marketing purposes), data in connection with your use of our websites (e.g., IP address, MAC address of your smartphone or computers, information regarding your device and settings, cookies, date and time of your visit, sites and content retrieved, applications used, referring website, localization data)."
ip address,we,"legal, services, advertising, analytics","Apart from data you provided to us directly, the categories of data we receive about you from third parties include, but are not limited to, information from public registers, data received in connection with administrative or court proceedings, information in connection with your professional role and activities (e.g., in order to conclude and carry out contracts with your employer), information about you in correspondence and discussions with third parties, credit rating information (if we conduct business activities with you personally), information about you given to us by individuals associated with you (family, consultants, legal representatives, etc.) in order to conclude or process contracts with you or with your involvement (e.g. references, your delivery address, powers of attorney), information regarding legal regulations such as anti money laundering and export restrictions, bank details, information regarding insurances, our distributors and other business partners for the purpose of ordering or delivering services to you or by you (e.g., payments made, previous purchases), information about you found in the media or internet (insofar as indicated in the specific case, e.g. in connection with job applications, media reviews, marketing/sales, etc.), your address and any interests and other socio-demographic data (for marketing purposes), data in connection with your use of our websites (e.g., IP address, MAC address of your smartphone or computers, information regarding your device and settings, cookies, date and time of your visit, sites and content retrieved, applications used, referring website, localization data)."
localization datum,we,"legal, services, advertising, analytics","Apart from data you provided to us directly, the categories of data we receive about you from third parties include, but are not limited to, information from public registers, data received in connection with administrative or court proceedings, information in connection with your professional role and activities (e.g., in order to conclude and carry out contracts with your employer), information about you in correspondence and discussions with third parties, credit rating information (if we conduct business activities with you personally), information about you given to us by individuals associated with you (family, consultants, legal representatives, etc.) in order to conclude or process contracts with you or with your involvement (e.g. references, your delivery address, powers of attorney), information regarding legal regulations such as anti money laundering and export restrictions, bank details, information regarding insurances, our distributors and other business partners for the purpose of ordering or delivering services to you or by you (e.g., payments made, previous purchases), information about you found in the media or internet (insofar as indicated in the specific case, e.g. in connection with job applications, media reviews, marketing/sales, etc.), your address and any interests and other socio-demographic data (for marketing purposes), data in connection with your use of our websites (e.g., IP address, MAC address of your smartphone or computers, information regarding your device and settings, cookies, date and time of your visit, sites and content retrieved, applications used, referring website, localization data)."
mac address,we,"legal, services, advertising, analytics","Apart from data you provided to us directly, the categories of data we receive about you from third parties include, but are not limited to, information from public registers, data received in connection with administrative or court proceedings, information in connection with your professional role and activities (e.g., in order to conclude and carry out contracts with your employer), information about you in correspondence and discussions with third parties, credit rating information (if we conduct business activities with you personally), information about you given to us by individuals associated with you (family, consultants, legal representatives, etc.) in order to conclude or process contracts with you or with your involvement (e.g. references, your delivery address, powers of attorney), information regarding legal regulations such as anti money laundering and export restrictions, bank details, information regarding insurances, our distributors and other business partners for the purpose of ordering or delivering services to you or by you (e.g., payments made, previous purchases), information about you found in the media or internet (insofar as indicated in the specific case, e.g. in connection with job applications, media reviews, marketing/sales, etc.), your address and any interests and other socio-demographic data (for marketing purposes), data in connection with your use of our websites (e.g., IP address, MAC address of your smartphone or computers, information regarding your device and settings, cookies, date and time of your visit, sites and content retrieved, applications used, referring website, localization data)."
personal data be,we,"legal, services, advertising, analytics","In the context of our business relationship you must provide us with any personal data that is necessary for the conclusion and performance of a business relationship and the performance of our contractual obligations (as a rule, there is no statutory requirement to provide us with data)."
personal datum of third party,we,"legal, services, advertising, analytics, security","In addition, in line with applicable law and where appropriate, we may process your personal data and personal data of third parties for the following purposes, which are in our (or, as the case may be, any third parties') legitimate interest, such as:"
personal datum we obtain from client in context of business relationship with they,we,"legal, services, advertising, analytics, security","We primarily process personal data that we obtain from our clients and other business partners as well as other individuals in the context of our business relationships with them or that we collect from users when operating our websites, apps and other applications."
personal information,we,"legal, services, advertising, analytics, security","If you have given us your consent to process your personal data for certain purposes (for example when registering to receive newsletters or carrying out a background check), we will process your personal data within the scope of and based on this consent, unless we have another legal basis, provided that we require one.
In addition, in line with applicable law and where appropriate, we may process your personal data and personal data of third parties for the following purposes, which are in our (or, as the case may be, any third parties') legitimate interest, such as:
Insofar as it is permitted to us, we obtain certain personal data from publicly accessible sources (e.g., debt registers, land registries, commercial registers, press, internet) or we may receive such information from affiliated companies of zkipster, from authorities or other third parties (such as e.g., credit rating agencies, list brokers).
We may partially process your personal data automatically with the aim of evaluating certain personal aspects (profiling).
We process and retain your personal data as long as required for the performance of our contractual obligation and compliance with legal obligations or other purposes pursued with the processing, i.e. for the duration of the entire business relationship (from the initiation, during the performance of the contract until it is terminated) as well as beyond this duration in accordance with legal retention and documentation obligations."
postal address,we,"legal, services, advertising, analytics","Apart from data you provided to us directly, the categories of data we receive about you from third parties include, but are not limited to, information from public registers, data received in connection with administrative or court proceedings, information in connection with your professional role and activities (e.g., in order to conclude and carry out contracts with your employer), information about you in correspondence and discussions with third parties, credit rating information (if we conduct business activities with you personally), information about you given to us by individuals associated with you (family, consultants, legal representatives, etc.) in order to conclude or process contracts with you or with your involvement (e.g. references, your delivery address, powers of attorney), information regarding legal regulations such as anti money laundering and export restrictions, bank details, information regarding insurances, our distributors and other business partners for the purpose of ordering or delivering services to you or by you (e.g., payments made, previous purchases), information about you found in the media or internet (insofar as indicated in the specific case, e.g. in connection with job applications, media reviews, marketing/sales, etc.), your address and any interests and other socio-demographic data (for marketing purposes), data in connection with your use of our websites (e.g., IP address, MAC address of your smartphone or computers, information regarding your device and settings, cookies, date and time of your visit, sites and content retrieved, applications used, referring website, localization data)."
postal address,we,"legal, services, advertising, analytics, security","Apart from data you provided to us directly, the categories of data we receive about you from third parties include, but are not limited to, information from public registers, data received in connection with administrative or court proceedings, information in connection with your professional role and activities (e.g., in order to conclude and carry out contracts with your employer), information about you in correspondence and discussions with third parties, credit rating information (if we conduct business activities with you personally), information about you given to us by individuals associated with you (family, consultants, legal representatives, etc.) in order to conclude or process contracts with you or with your involvement (e.g. references, your delivery address, powers of attorney), information regarding legal regulations such as anti money laundering and export restrictions, bank details, information regarding insurances, our distributors and other business partners for the purpose of ordering or delivering services to you or by you (e.g., payments made, previous purchases), information about you found in the media or internet (insofar as indicated in the specific case, e.g. in connection with job applications, media reviews, marketing/sales, etc.), your address and any interests and other socio-demographic data (for marketing purposes), data in connection with your use of our websites (e.g., IP address, MAC address of your smartphone or computers, information regarding your device and settings, cookies, date and time of your visit, sites and content retrieved, applications used, referring website, localization data)."
refer website,we,"legal, services, advertising, analytics, security","Apart from data you provided to us directly, the categories of data we receive about you from third parties include, but are not limited to, information from public registers, data received in connection with administrative or court proceedings, information in connection with your professional role and activities (e.g., in order to conclude and carry out contracts with your employer), information about you in correspondence and discussions with third parties, credit rating information (if we conduct business activities with you personally), information about you given to us by individuals associated with you (family, consultants, legal representatives, etc.) in order to conclude or process contracts with you or with your involvement (e.g. references, your delivery address, powers of attorney), information regarding legal regulations such as anti money laundering and export restrictions, bank details, information regarding insurances, our distributors and other business partners for the purpose of ordering or delivering services to you or by you (e.g., payments made, previous purchases), information about you found in the media or internet (insofar as indicated in the specific case, e.g. in connection with job applications, media reviews, marketing/sales, etc.), your address and any interests and other socio-demographic data (for marketing purposes), data in connection with your use of our websites (e.g., IP address, MAC address of your smartphone or computers, information regarding your device and settings, cookies, date and time of your visit, sites and content retrieved, applications used, referring website, localization data)."
rsvp,event form,,"Event Forms Collect RSVPs, consent, guest details and more"
setting,we,"legal, services, advertising, analytics, security","Apart from data you provided to us directly, the categories of data we receive about you from third parties include, but are not limited to, information from public registers, data received in connection with administrative or court proceedings, information in connection with your professional role and activities (e.g., in order to conclude and carry out contracts with your employer), information about you in correspondence and discussions with third parties, credit rating information (if we conduct business activities with you personally), information about you given to us by individuals associated with you (family, consultants, legal representatives, etc.) in order to conclude or process contracts with you or with your involvement (e.g. references, your delivery address, powers of attorney), information regarding legal regulations such as anti money laundering and export restrictions, bank details, information regarding insurances, our distributors and other business partners for the purpose of ordering or delivering services to you or by you (e.g., payments made, previous purchases), information about you found in the media or internet (insofar as indicated in the specific case, e.g. in connection with job applications, media reviews, marketing/sales, etc.), your address and any interests and other socio-demographic data (for marketing purposes), data in connection with your use of our websites (e.g., IP address, MAC address of your smartphone or computers, information regarding your device and settings, cookies, date and time of your visit, sites and content retrieved, applications used, referring website, localization data)."
socio - demographic datum,we,"legal, services, advertising, analytics, security","Apart from data you provided to us directly, the categories of data we receive about you from third parties include, but are not limited to, information from public registers, data received in connection with administrative or court proceedings, information in connection with your professional role and activities (e.g., in order to conclude and carry out contracts with your employer), information about you in correspondence and discussions with third parties, credit rating information (if we conduct business activities with you personally), information about you given to us by individuals associated with you (family, consultants, legal representatives, etc.) in order to conclude or process contracts with you or with your involvement (e.g. references, your delivery address, powers of attorney), information regarding legal regulations such as anti money laundering and export restrictions, bank details, information regarding insurances, our distributors and other business partners for the purpose of ordering or delivering services to you or by you (e.g., payments made, previous purchases), information about you found in the media or internet (insofar as indicated in the specific case, e.g. in connection with job applications, media reviews, marketing/sales, etc.), your address and any interests and other socio-demographic data (for marketing purposes), data in connection with your use of our websites (e.g., IP address, MAC address of your smartphone or computers, information regarding your device and settings, cookies, date and time of your visit, sites and content retrieved, applications used, referring website, localization data)."
time,we,"legal, services, advertising, analytics, security","Apart from data you provided to us directly, the categories of data we receive about you from third parties include, but are not limited to, information from public registers, data received in connection with administrative or court proceedings, information in connection with your professional role and activities (e.g., in order to conclude and carry out contracts with your employer), information about you in correspondence and discussions with third parties, credit rating information (if we conduct business activities with you personally), information about you given to us by individuals associated with you (family, consultants, legal representatives, etc.) in order to conclude or process contracts with you or with your involvement (e.g. references, your delivery address, powers of attorney), information regarding legal regulations such as anti money laundering and export restrictions, bank details, information regarding insurances, our distributors and other business partners for the purpose of ordering or delivering services to you or by you (e.g., payments made, previous purchases), information about you found in the media or internet (insofar as indicated in the specific case, e.g. in connection with job applications, media reviews, marketing/sales, etc.), your address and any interests and other socio-demographic data (for marketing purposes), data in connection with your use of our websites (e.g., IP address, MAC address of your smartphone or computers, information regarding your device and settings, cookies, date and time of your visit, sites and content retrieved, applications used, referring website, localization data)."
x,social media,,"In addition, we use plugins from social networks such as Facebook, X (Twitter), YouTube, Pinterest or Instagram on our websites."
youtube,social media,,"In addition, we use plugins from social networks such as Facebook, X (Twitter), YouTube, Pinterest or Instagram on our websites."
