data_type,collector,purpose,text
UNSPECIFIED_DATA,UNSPECIFIED_ACTOR,,We may share information in specific situations and with specific third parties
UNSPECIFIED_DATA,we,"legal, security, services","For instance, depending on the type of request you submit, we may ask you to provide certain information so that we can match the information you provide with the information we already have on file, or we may contact you through a communication method (e.g., phone or email) that you have previously provided to us.
If you submit the request through an authorized agent, we may need to collect additional information to verify your identity before processing your request.
In Short: We keep your information for as long as necessary to fulfill the purposes outlined in this privacy notice unless otherwise required by law.
In Short: We process your information to provide, improve, and administer our Services, communicate with you, for security and fraud prevention, and to comply with law.
Privacy Notice

In some exceptional cases, we may be legally permitted under applicable law to process your information without your consent, including, for example:
We may also process your information for other purposes with your consent.
We may process your information if you have given us permission (i.e., consent) to use your personal information] for a specific purpose.
We may process your information if you have given us specific permission (i.e., express consent) to use your personal information for a specific purpose, or in situations where your permission can be inferred (i.e., implied consent).
We may process your information when necessary to save or protect an individual's vital interest, such as to prevent harm.
We may process your information where we believe it is necessary for compliance with our legal obligations, such as to cooperate with a law enforcement body or regulatory agency, exercise or defend our legal rights, or disclose your information as evidence in litigation in which we are involved.
We may process your information where we believe it is necessary to protect your vital interests or the vital interests of a third party, such as situations involving potential threats to the safety of any person.
We may share information in specific situations and with specific third parties
We may share or transfer your information in connection with, or during negotiations of, any merger, sale of company assets, financing, or acquisition of all or a portion of our business to another company.
We process your information only when we have a valid legal reason to do so."
information in specific situation describe in section,UNSPECIFIED_ACTOR,,"Privacy Notice

In Short: We may share information in specific situations described in this section and/or with the following third parties."
information in specific situation describe in section,we,"legal, security, services","Privacy Notice

In Short: We may share information in specific situations described in this section and/or with the following third parties."
personal information,UNSPECIFIED_ACTOR,,"Depending on the circumstances, you have a right to know: whether we sell or share personal information to third parties;"
personal information,service provider,,We may disclose your personal information with our service providers pursuant to a written contract between us and each service provider.
personal information,we,"legal, security, services, analytics","Depending on the circumstances, you have a right to know: whether we collect and use your personal information;
Depending on the circumstances, you have a right to know: whether we sell or share personal information to third parties;
In Short: We collect personal information that you voluntarily provide to us when you express an interest in obtaining information about us or our products and Services, when you participate in activities on the Services, or otherwise when you contact us.
In Short: We only process your personal information when we believe it is necessary and we have a valid legal reason (i.e., legal basis) to do so under applicable law, like with your consent, to comply with laws, to provide you with services to enter into or fulfill our contractual obligations, to protect your rights, or to fulfill our legitimate business interests.
Privacy Notice

We may also collect other personal information outside of these categories through instances where you interact with us in person, online, or by phone or mail in the context of:
Privacy Notice

We may need to share your personal information in the following situations:
Privacy Notice

We may use your personal information for our own business purposes, such as for undertaking internal research for technological development and demonstration.
The personal information we collect may include the following:
To find out more, please view the following sections: When and with whom we share your personal data
We may disclose your personal information with our service providers pursuant to a written contract between us and each service provider.
We process your personal information for a variety of reasons, depending on how you interact with our Services, including:
We will only keep your personal information for as long as it is necessary for the purposes set out in this privacy notice, unless a longer retention period is required or permitted by law (such as tax, accounting, or other legal requirements).
When we have no ongoing legitimate business need to process your personal information, we will either delete or anonymize such information, or, if this is not possible (for example, because your personal information has been stored in backup archives), then we will securely store your personal information and isolate it from any further processing until deletion is possible.
When you visit, use, or navigate our Services, we may process personal information depending on how you interact with Zoom Events Coda Pack and the Services, the choices you make, and the products and features you use."
personal information provide in request,we,"legal, security, services, analytics","Privacy Notice

We will only use personal information provided in your request to verify your identity or authority to make the request."
verification method,we,"legal, security, services, analytics",We may also use other verification methods as the circumstances dictate.
